S02B0000433A2F55736572732F7365636F7572732F446F63756D656E74732F54505F436F6E5F73797374656DAC
S315020000003400C1060400C0DE3A30F6DED401C0DE9A
S315020000103A30F6DE74808006047C89D67480000647
S31502000020049529C67480800004C6A5103A6800109B
S3150200003004FBFFDE1501C0DF150240D9150380D986
S315020000401504C0D974808000047DA9101700C01061
S315020000503A880B20040280D8170200193A880D103C
S31502000060150080D8C0FA01201701C0DF0405C0DEE2
S315020000703A2800F804FCFFDE1501C0DF150280D91C
S315020000801503C0D93A880D28170240210402C0D8A8
S315020000903A880F181500C0D8001000201701C0DFDB
S315020000A00404C0DE3A2800F81702803004FEFFDEA0
S315020000B0150000DC1501C0DF3A8821303A880700B6
S315020000C01E0600103A880518150100301701C0DF18
S315020000D0170000DC0402C0DE3A2800F88020042063
S315020000E03A8807103A880518150100801502008023
S315020000F01701C0DF170000DC0402C0DE3A2800F850
S3150200010004A4FEDE155881DD155201DC1551C1D954
S31502000110155BC1DF155A01DF1559C1DD155741DDE2
S31502000120155601DD1555C1DC155481DC155341DC2C
S315020001303A882D283A882130154F01D9C0820420E9
S31502000140170080101751C1D9154981D8174F81D888
S3150200015026020010170E8010260D02100B0380B027
S315020001600C028010260E0210170480B0260C021014
S315020001700B0300B2840280008C06C0401E2F80183A
S315020001808F0380B0162D00108B0340B2170780B282
S315020001901709C0B2174F01D9042940DC044080D8A0
S315020001A00400C1004CFF3F423A880D803A880B8812
S315020001B00D2C00DA8D2C40DA153080DA1532C0DAD1
S315020001C0152D80D8152EC0D8152980D8152BC0D844
S315020001D0152F00D800100020154B81D816040010E8
S315020001E0174F01D93A880B88808D03201E320210E0
S315020001F00B2C80D80C108010260300100B0380B045
S31502000200141080100D0380B0174B81D8175BC1DF25
S31502000210175A01DF1759C1DD175881DD175741DD1E
S31502000220175601DD1755C1DC175481DC175341DC23
S31502000230175201DC045CC1DE3A2800F83A88050050
S315020002403A880700041940DD154281D83A882F8082
S315020002501543C1D8154B01D8154801D8154401D804
S31502000260154701D8150C40DD150E00D8150D00D81E
S31502000270070080B8261900104409C0002617C010CE
S315020002803A8821B8060100002603C0104400008403
S31502000290070080801EFC3F103AC8E785260E0098AC
S315020002A0170E80DC170D40DCC40180003A88E59405
S315020002B04400408C1500C0AD150E80DC1501C0ACA3
S315020002C0150D40DC168B4214040240AD174B01D9C2
S315020002D03A88C924154B01D93A882F80070080B87D
S315020002E0263C01104400C0BD050400D80700C0B872
S315020002F0C4FFFF04154C01D8154A01D8154DC1D8C3
S315020003004400C0BD174D41D90416800004F8FF28E9
S315020003103660C0103A88C5183A8885103480C00005
S3150200032004CCC0183A88C510170000113A6800209C
S31502000330A412000294040002940400029012000225
S31502000340940400029404000294040002940400023D
S31502000350940400029404000270100002801200024B
S3150200036094040002881000021C1300029404000286
S3150200037008130002D0120002D0120002D0120002AC
S31502000380D0120002D0120002D0120002D0120002D5
S31502000390D0120002D0120002940400029404000259
S315020003A094040002940400029404000294040002DD
S315020003B094040002940400029404000294040002CD
S315020003C0EC0A0002581100029404000258110002BD
S315020003D094040002940400029404000294040002AD
S315020003E0BC1200029404000294040002A00B000254
S315020003F0940400029404000294040002940400028D
S3150200040094040002EC0B000294040002940400021D
S315020004100C120002940400029404000294040002E6
S31502000420940400029404000294040002940400025C
S31502000430940400029404000294040002E0110002F3
S31502000440F80A00025811000258110002581100025F
S3150200045044110002F80A0002940400029404000205
S31502000460CC100002940400029C100002AC0B0002A5
S31502000470FC100002E8100002940400027813000245
S3150200048094040002F80B0002940400029404000291
S3150200049070120002174D01D926CE002044004001F9
S315020004A0040F80D91540C1D9154541D9154181D9C5
S315020004B03A880F28050F00D9050400D8154601D839
S315020004C0174CC1D88C0080183A000510155081D8F7
S315020004D01E030010174501D984000021154501D9D4
S315020004E0174C41D90C214029154E41D91E2D002801
S315020004F0174A81D9174581D83AC8A1300E29000476
S31502000500040480000E580414170E80DC170D40DC1C
S315020005103A8827107480000704B926E7C40100054B
S315020005200603000004FC3F84040240AD0E13009C47
S31502000530040480944400408C150000AF1501C0AC41
S31502000540150E80DC150D40DC0EF67FA4174F01D97F
S315020005503A880BB0040C80D91551C1D9800A002003
S315020005601751C1D91E9E001004FC3F84170E80DC71
S31502000570170D40DC041940DD16ED3F9C3A882594A0
S315020005804400408CC4018000150000AF150100AC88
S31502000590150E80DC150D40DC16F54114040240AD43
S315020005A006020000170E80DC170D40DC070480D817
S315020005B0260B001044008000440080944400408CC6
S315020005C0150180A80404C0D8C40180001500C0A883
S315020005D0150E80DC150D40DC16DA4114040240AD1E
S315020005E0175001D91E0B0020440480D88400809441
S315020005F04400408C150080A88400C000C40180001D
S315020006001501C0A8150E80DC150D40DC16C241147A
S31502000610040240AD174E41D90420800026B180283D
S315020006201746C1D83AC8E1190E2600040404800010
S315020006300EC903143A8827107480000704B526E70A
S31502000640C40100050603000004FC3F84040240AD19
S315020006500E13009C040480944400408C150000AFE5
S315020006601501C0AC150E80DC150D40DC0EF67FA41C
S31502000670174F01D93A880BB0040C80D91551C1D94C
S31502000680800A00201751C1D91E55001004FC3F8470
S31502000690170E80DC170D40DC041940DD16ED3F9C79
S315020006A03A8825944400408CC4018000150000AFAE
S315020006B0150100AC150E80DC150D40DC16824114C6
S315020006C0040240AD174C01D90C4080201E4A00108E
S315020006D0174141D93A88E5914400408CC401800013
S315020006E0150040A91501C0A9150E80DC150D40DCC8
S315020006F0166741140402C0A8174C81D90C01803038
S3150200070026280010174A81D8174501D93AC821115F
S315020007100E240004040480000E4F0414170D40DC5E
S315020007203A8827107480000704B926E7C401000539
S315020007300603000004FC3F840402C0180E11009C4C
S31502000740040480944400408C1500001F1501C01C4F
S31502000750150E80DC150D40DC0EF67FA4174F01D96D
S315020007603A880BB0040C80D9800A00201E1C0010A7
S3150200077004FC3F84170E80DC170D40DC0419C0D838
S3150200078016EF3F9C3A8825944400408CC4018000B1
S315020007901500001F1501001C150E80DC150D40DC2E
S315020007A016CB4014174A81D8174541D90E0140117C
S315020007B03A880528174B81D93A888D30154B81D94D
S315020007C01E3B01901740C1D9041940DD150D00D812
S315020007D006A73E00170E80D81E3F0510150D00D83D
S315020007E00B0380B00C10801026873E10C4FFBF009A
S315020007F0154B81D806843E00174D81D944198000D5
S31502000800166E8011174741D94400C0000E434319A2
S31502000810174181D8440080944400408C150080A87A
S31502000820C40180001501C0A8150E80DC150D40DC40
S3150200083016CA41140402C0A8174901D9440080000F
S31502000840440080944400408C15018018C401800045
S3150200085015000019150E80DC150D40DC16B6411484
S315020008600402C01C174201D9174341D93A880D0028
S315020008703A880F00409C082026740110174741D978
S31502000880174181D94400408C3A88852CC4FFBF1495
S31502000890C4FFBF284400C03015018098C4018000FF
S315020008A01500C098150E80DC150D40DC168E41141D
S315020008B00402C09C174841D9040880D84400408CE1
S315020008C03A88659115008098C40180001501409907
S315020008D0150E80DC150D40DC16ED40140402C0989E
S315020008E006853F00174A81D9174581D83AC8A130F3
S315020008F00E4B3F04040480000E3404143A88271079
S315020009007480000704B526E7C4010005060300004B
S3150200091004FC3F84040240AD0E13009C0404809440
S315020009204400408C150000AF1501C0AC150E80DCEA
S31502000930150D40DC0EF67FA4174F01D93A880BB08D
S31502000940040C80D91551C1D9800A00201751C1D98A
S315020009501EA33F1004FC3F84170E80DC170D40DCFB
S31502000960041940DD16ED3F9C3A8825944400408CDC
S31502000970C4018000150000AF150100AC150E80DC25
S31502000980150D40DC16614114040240AD06243F00F9
S31502000990174F01D900B703201751C1D906EF3D0001
S315020009A0174F01D93A880BB01551C1D900FD012064
S315020009B01751C1D926EE3D10068C3F00174201D9C8
S315020009C0174341D93A880D003A880F00C093082090
S315020009D01EF2001074808000046EA71044008094FA
S315020009E04400408C150080A84400C000C401800069
S315020009F01501C0A8150E80DC150D40DC16FA42144E
S31502000A000402C0A8170580D8174701D90E5C011148
S31502000A10170D40DC174981D94400800044008094B8
S31502000A204400408C15018018C4018000150080190D
S31502000A30150E80DC150D40DC161043140402C01896
S31502000A40174781D8C4FF3F140E2B3F0404048000CD
S31502000A500EA20214170D40DC3A8827107480000794
S31502000A6004B526E7C4010005060300000402C01807
S31502000A7004FC3F840E9C029C040480944400408C37
S31502000A801500001F1501C01C150E80DC150D40DC7B
S31502000A900EF67FA4174F01D93A880BB0040C80D901
S31502000AA0800A00201E4E3F10170E80DC170D40DC18
S31502000AB00419C0D806EE3F000B2C80D8C4FFFF00F5
S31502000AC0154BC1D80C1080101ECC3D1006CE3D0031
S31502000AD0174F01D93A880BB0040C80D9800A00203E
S31502000AE01E3F3F10170E80DC062E3F00174C41D9E1
S31502000AF014044029154C41D9174C81D90C08803071
S31502000B001E4F0110174CC1D80C0480181EEA0210A1
S31502000B10174C01D90C10802026E702100F008038EE
S31502000B200401C0391540C1D9FAD723103A882110D9
S31502000B30167203884400000116040098174CC1D8A7
S31502000B40C4DFBF003A708618154CC1D83AB0448447
S31502000B501E2602101E250298CC3F8020269B0210DC
S31502000B600419C0D8040F00DD1541C1D81741C1D8F8
S31502000B701545C1DC3AC8C5A0040AC0110E01C099C8
S31502000B801545C1D91546C1DC070480D8264C3E104E
S31502000B90174581D844008010154581D806483E0085
S31502000BA0174C81D914048031154C81D9174CC1D800
S31502000BB00C0880181E270110174C41D90C048028F6
S31502000BC01EB60210174C81D90C10803026B30210C3
S31502000BD00B00003C3A8809000401C0393A88230018
S31502000BE01540C1D9050400D806D33F00174C01D9D8
S31502000BF014040021154C01D9174C41D90C08802840
S31502000C001E080110174CC1D80C0480181EB0021021
S31502000C10174C01D90C10802026AD02100B00003CA7
S31502000C20440000010401C0393A8823001540C1D9A5
S31502000C30050400D806C03F00174F01D93A880BB009
S31502000C40040C80D9800A00201EE53E10170E80DCB7
S31502000C500419C0D8174C81D94C0080303A000510CF
S31502000C601EA53E1044008000170D40DC15018018B9
S31502000C70174981D8440080944400408C150080189E
S31502000C80C4018000150E80DC150D40DC0E1E4214D8
S31502000C90174F01D93A880BB0040C80D9800A00207C
S31502000CA01ECF3E10170E80DC0419C0D806923E00F5
S31502000CB0174F01D93A880BB0040C80D9800A00205C
S31502000CC026C03E1006C63E00174F01D93A880BB021
S31502000CD0040C80D91551C1D9800A00201751C1D9F7
S31502000CE01EBF3E10170E80DC170D40DC041940DDD6
S31502000CF006743E00174F01D93A880BB0040C80D90E
S31502000D001551C1D9800A00201751C1D91EB43E100F
S31502000D10041940DD066D3D00174F01D93A880BB024
S31502000D20040C80D91551C1D9800A00201751C1D9A6
S31502000D301EAB3E10170E80DC170D40DC041940DD99
S31502000D4006343E00174F01D93A880BB0040C80D9FD
S31502000D501551C1D9800A00201751C1D91EA03E10D3
S31502000D60170E80DC170D40DC041940DD061C3E0020
S31502000D70174F01D93A880BB0040C80D91551C1D945
S31502000D80800A00201751C1D91E953E10170E80DC2D
S31502000D90170D40DC041940DD06043E00170500D994
S31502000DA00E520201174781D9167A8021174181D83E
S31502000DB03A88A5914400408C150080A8C4018000A1
S31502000DC0150180A9150E80DC150D40DC16F64214BD
S31502000DD00402C0A8174741D93AC861210E9D3F04B3
S31502000DE0040480000E130214170D40DC3A88271003
S31502000DF07480000704B526E7C40100050603000057
S31502000E000402C01804FC3F840E0D029C0404809464
S31502000E104400408C1500001F1501C01C150E80DC15
S31502000E20150D40DC0EF67FA4174F01D93A880BB098
S31502000E30040C80D9800A00201E693E10170E80DC41
S31502000E40170D40DC0419C0D806EE3F00174781D8BB
S31502000E50C4FF3F140E973E04040480000E180014CB
S31502000E603A8829107480000704B526E7C4014005B4
S31502000E70060300000402C09C04FC3F840E1200A478
S31502000E80040480944400408C1500009F1501009DC7
S31502000E90150E80DC150D40DC0EF67FAC174F01D91E
S31502000EA03A880BB0040C80D9800A00201E4C3E10F2
S31502000EB0170E80DC170D40DC0419C0DC06EE3F007D
S31502000EC07480000704B526E73A8825944400408CCE
S31502000ED0C40180001500009F1501009C150E80DCE0
S31502000EE0150D40DC0E727E14174F01D93A880BB0ED
S31502000EF0040C80D9800A00201E393E10170E80DCB1
S31502000F00170D40DC0419C0DC066A3E00174F01D9F2
S31502000F103A880BB0040C80D91551C1D9800A002039
S31502000F201751C1D91E2E3E10170E80DC170D40DC5C
S31502000F30041940DD06BA3D00174F01D93A880BB0B5
S31502000F40040C80D9800A00201E253E10170E80DC74
S31502000F50170D40DC0419C0DC06423E00174F01D9CA
S31502000F603A880BB0040C80D9800A00201E1C3E1061
S31502000F70170E80DC170D40DC0419C0D8062E3E0081
S31502000F80174C41D94C0080283A0005101EDA3D1054
S31502000F90069F3E001741C1D83A8825914400408CED
S31502000FA0C40180001500C0A8150100A9150E80DC39
S31502000FB0150D40DC166642140402C0A8174941D931
S31502000FC044008000440080944400408C150180183F
S31502000FD0C401800015004019150E80DC150D40DC99
S31502000FE03A8821201650421404024019174781D923
S31502000FF04400408C150D40DC3AC80731174101D92F
S315020010003A88E5901501C0283A880581150080289E
S31502001010C4018000150E80DC161D7F140402C02850
S3150200102006B53D001700003C1701403C040280391A
S3150200103044000001154081D9050400D806BE3E00D1
S315020010401700003C1701403C04028038154081D845
S3150200105006B73E001700003C1701403C0402003967
S31502001060154001D93A880900050400D806B23E00A7
S315020010701700C0380401C039154AC1D80ED100186C
S315020010803AC8C700154AC1D8174C01D90700C0B8DB
S3150200109014010021154C01D906983C00174C81D940
S315020010A00C08803026F00110174B01D91700803842
S315020010B00401C0391540C1D9FAD707201740C1D952
S315020010C0150000111501C01006693C000700C0B8E2
S315020010D0041B8000264F8218174C41D9140440295C
S315020010E0154C41D906853C00174C81D90700C0B87A
S315020010F014088031154C81D906803C00174C81D8E2
S315020011001700003C041EC00094008010154C81D8C4
S315020011100401C0397480400104576729040C800019
S315020011203A882300840000011540C1D9154DC1D863
S31502001130154441D9450480D88504C0D8050400D891
S31502001140067D3E00174C81D80700C0B814108010E7
S31502001150154C81D806693C00174C41D90C028028EF
S3150200116026DF01101700803904028038154081D825
S31502001170154281D91701C0391543C1D9174201D980
S31502001180174341D900AA062026170210174201D991
S31502001190174341D93A880D003A880F00C0B5082096
S315020011A016CA0210174D41D9C4118000160A4211FF
S315020011B074808001045CA731154181D9174C01D98D
S315020011C0C400C000C4DFBF003A7088203A880F18F6
S315020011D01545C1D8154C01D9154601D8066A3E00F7
S315020011E0170080384400C0000401C0391540C1D937
S315020011F0040F00D93A880F181545C1D8154101D9EF
S31502001200050F80D8050400D806AC3C007480400166
S3150200121004626729154441D9174C81D90C088030DC
S3150200122026F900101700003C1701403C04028038E2
S31502001230154081D8174C41D94C0080283A00051038
S315020012401EB300103AB0448426B10010174D81D95E
S3150200125094004029040C800084000001154C41D9F9
S31502001260450480D8850480D9050400D806323E009C
S31502001270748080010457A731154481D906E63F00E0
S31502001280C40A8000050480D80700C0B8061B3C00CB
S31502001290174C81D80700C0B854008010154C81D86D
S315020012A006163C00070480D81E460010040880007B
S315020012B0050480D80700C0B806103C00174C81D937
S315020012C00700C0B814028031154C81D9060B3C00C8
S315020012D03A88070044020001A40280180700C0B839
S315020012E0174D81D94400C0BD154DC1D8174D41D9FE
S315020012F03A88853004F4FF1004F4BF282EF6BF2086
S31502001300154AC1D806FF3B00174C41D90700C0B8A1
S3150200131014204029154C41D906F83B000700C0B8F5
S31502001320840A80004400C0BD26158318154DC1D815
S3150200133004F4BF184402C000367882183A880D00B9
S31502001340A4028030070080B9174D41D94400C0BDC0
S31502001350154D81D9174D01D93A88451104F4BF11AB
S3150200136004F4BF202EF6BF183A8827300EE53B302C
S31502001370C4FFFF0406E33B00050400D817008039CA
S315020013800401C0391540C1D9154181D926C9013098
S31502001390160E0098174101D93A880B003A880D9823
S315020013A0C01B0520265902101741C1D83AC8CF10D2
S315020013B0169EC1991545C1D916090038154601D898
S315020013C006F13D000700C0B806CC3B00174101D923
S315020013D080D80620154581D83A880F100EF73F109F
S315020013E0154501D8154601D806E73D00CC3FC02079
S315020013F044008000262D8018360E80188400800056
S3150200140026FA8018748000010467272180D80620F6
S315020014103A880F101545C1DC0E018098154581D812
S31502001420748080000467A7101546C1DC154181D877
S3150200143006D53D00041940D9040F00DD154141D9F6
S315020014407A970A88174181D9FAD00480FAD0068899
S31502001450CC0100813AB08428C4FFBF31040C0021BC
S31502001460154181D93AB0CA10050000313A882110D7
S315020014703A8823181EF23F28174CC1D84C00801810
S315020014803A0005101EB93D10CC3F80201C2080106A
S3150200149004E0BF10040CC00026B4FD10C4FFBF3127
S315020014A0154181D90500C03006B03D00680080882C
S315020014B01E2C00101E0200884402800036290014E9
S315020014C0C41800D9040F00DD154101D9174101D90D
S315020014D0040C80800500802006A43D00170D40DC28
S315020014E07480000704B526E73A8825944400408CA8
S315020014F0C40180001500001F1501001C150E80DCBA
S31502001500150D40DC16E27D140402C018067A3C0072
S3150200151084000001050400D806873D00174C81D9D6
S315020015203A70C4303A00051026B93C10174101D969
S31502001530440080944400408CC4018000150000A938
S315020015401501C0A8150E80DC150D40DC16667E144A
S315020015500402C0AC06D73C007480000704B526E737
S31502001560064F3C00040F00DD041980DC3A8809802E
S315020015703A880B88840280013A880F00C0860720C9
S31502001580040C0012C4FFBF943A8809803A880B887B
S31502001590840280013A880F00050000920029072084
S315020015A03A8809103A882110680080183A88231868
S315020015B01EEE3F101E0200184402800036EB3F1159
S315020015C0C4FFBF94154181DC06C03F00174C01D908
S315020015D04C0080201E9A0010041940D9040F00DD29
S315020015E0154141D906613D00174F01D93A880BB022
S315020015F0040C80D9800A00201E793C10170E80DC6C
S315020016000419C0D806FF3C00174CC1D80C04801838
S315020016101E710010174C01D90C108020266E001086
S315020016200B00003C3A8823000401C0391540C1D999
S3150200163006003F00170D40DC7480000704B526E75C
S315020016403A8825944400408CC40180001500001F8E
S315020016501501001C150E80DC150D40DC16767D1476
S315020016600402C018067B3D00170E80DC170D40DC15
S315020016707480000704B926E706C03B00174F01D95C
S315020016803A880BB0040C80D9800A00201E543C1004
S31502001690170E80DC0419C0D806E93C001700003C8E
S315020016A03A8809000401C0393A8823001540C1D995
S315020016B0050400D806203D00170080380401C03911
S315020016C01540C1D9FAD723103A88211006183D00D1
S315020016D01700003C440000010401C0393A88230087
S315020016E01540C1D9050400D806133D007480800058
S315020016F0046EA710440080944400408C150080A814
S315020017004400C000C40180001501C0A8150E80DC8B
S31502001710150D40DC16CA40140402C0A81E0600209D
S31502001720174741D91E040028174C81D94C00803036
S315020017303A0005101EF03B1044008000170D40DCF5
S3150200174015018018174981D8440080944400408CC2
S3150200175015008018C4018000150E80DC150D40DCD2
S3150200176016CA40140402C0183AC821010E500004D9
S31502001770040480000E8000143A8827107480000743
S3150200178004B526E7C4010005060300000402C018DA
S3150200179004FC3F840E7A009C040480944400408C2E
S315020017A01500001F1501C01C150E80DC150D40DC4E
S315020017B00EF67FA4174F01D93A880BB0040C80D9D4
S315020017C0800A00201E063C10170E80DC170D40DC36
S315020017D00419C0D806EE3F001700003C3A882300E1
S315020017E00401C0391540C1D906923E00041940D9F8
S315020017F0040F00DD154141D9174481D93A970A8869
S315020018003AD10480CC0300813A8809313AB084285F
S3150200181003004021174101D93AD106883A8821109E
S31502001820C4FF3F21154101D9174181D93AB0C810E9
S315020018303A882318050040311EEF3F2006CB3C00B4
S31502001840040C8000C41880D9040F00DDC51880D8A6
S31502001850154181D906C53C00170D40DC748000078E
S3150200186004B926E706C73B00174C41D90C04802869
S31502001870267C0010170080380401C0391540C1D9F2
S31502001880174B81D91740C1D91500801106783A0045
S31502001890174F01D93A880BB0040C80D9800A002070
S315020018A01ECF3B10170E80DC170D40DC0419C0D882
S315020018B0174701D9174141D94400408C3A882591EE
S315020018C0C40180001500401915010019150E80DCAF
S315020018D0150D40DC16EE7C140402C01806863B0089
S315020018E01700C03804020039154001D91542C1D883
S315020018F01701C0391543C1D906203E003A880500B2
S315020019003AC809143A8005113AC84B043AC88528E0
S315020019103A8821203A88231044000001440B8000B3
S31502001920050480D806843C00174F01D93A880BB0CB
S31502001930040C80D9800A00201EA93B10170E80DCF9
S31502001940170D40DC170500D9041940D906A73D003A
S31502001950174F01D93A880BB0040C80D9800A0020AF
S315020019601E9F3B10170E80DC170D40DC170500D9B1
S315020019700419C0D806913D007480000704B526E715
S315020019803A8825944400408CC40180001500001F4B
S315020019901501001C150E80DC150D40DC16BC7F14EB
S315020019A00402C01806C23F00174F01D93A880BB08D
S315020019B0040C80D9800A00201E893B10170E80DC99
S315020019C0170500D90419C0D806023D007480000725
S315020019D004B526E706E43B0074808000045DA71088
S315020019E0154181D806F53D00174201D9174341D961
S315020019F000AE062026390010174D41D9C4118000C9
S31502001A0016CE401174808001045EA731154181D93A
S31502001A1006EA3D00174C01D94400C0BD0700C0B814
S31502001A2014080021154C01D906343A001545C1DCCB
S31502001A30161001983A880F98154601D806523C00AE
S31502001A40174F01D93A880BB0040C80D9800A0020BE
S31502001A501E633B10170E80DC170500D90419C0D887
S31502001A60062E3F00174CC1D80C10801826A0001075
S31502001A70170080380401C0391540C1D9174B01D966
S31502001A801740C1D90D00001106F93900174F01D9C7
S31502001A903A880BB0040C80D9800A00201E503B10F5
S31502001AA0170E80DC170D40DC170500D90419C0D8C3
S31502001AB0062D3F0084018000369AC0141545C1DC0C
S31502001AC00E010098154501D8748080000460A710A5
S31502001AD03A880F98154181D806783A00C4FFBF00AC
S31502001AE026E28098174D41D9C419800026DC802849
S31502001AF0C411800026DA8028174C41D9174301D930
S31502001B00174281D914404029154C41D916CC0020E0
S31502001B103A8821303A8823203A883900174D41D92C
S31502001B208419800026B780288411800026B5802873
S31502001B304419800026C880284411800026C68028C1
S31502001B403A882998174F01D9040580D83A880D8812
S31502001B50150180D80406C0D8040780D83A880B80BD
S31502001B608400C0011502C0D8150380D8150000DD17
S31502001B7040320220174D81D9154181D8C4198000FF
S31502001B8026958030174DC1D8C41180002692801840
S31502001B90174141D9174D81D9841980003A88252DDC
S31502001BA02686803084118000268480303A880D0093
S31502001BB03A880F003A880B883A880980C093082031
S31502001BC01E7500103A880590150780DC174101D969
S31502001BD0174D41D9C419C0003AC825112668C02834
S31502001BE0C411800026668028170500D9174DC1D872
S31502001BF0441980001655C010C4FF3F21150500D9AF
S31502001C000508C0D83A88212016C10020C40A8000DF
S31502001C10450880D8440280000EAF00143A88271087
S31502001C20840B40DC3A880980840240014002092084
S31502001C30040C8010C4FF7F8C3A880980840240011C
S31502001C400500808840FC08203A88211016F5BF98C6
S31502001C50040CC010C40980D8C4018010C4FF7F8957
S31502001C60C5FFFF882EA780283A880910040880D964
S31502001C708408C0D803008028440040290500801843
S31502001C804400C01836FB3F293AC887194400800031
S31502001C901548C1D83A88CF900E9680144400C039B0
S31502001CA01545C1D916340038CC3F80E01C2080107F
S31502001CB004E0BF10264E0010440B8000154781DC5D
S31502001CC0154601D8050480D806B13B00440B8000B6
S31502001CD0050480D806333D00174F01D93A880BB068
S31502001CE0040C80D9800A00201EBD3A1006BB3A00B9
S31502001CF0170080380401C0391540C1D9174B41D9A4
S31502001D001740C1D915004011065939003A880F9873
S31502001D101545C1DC154601D8069B3B003A882700CB
S31502001D20067839007480C0000460E7183A880F10FC
S31502001D30154581D81541C1D806E039007480800066
S31502001D40045FA710154181D8061C3D00174D41D9E5
S31502001D5084198000264980283A880F201657802445
S31502001D60174C41D94C008028260100104400C0219E
S31502001D701545C1D90ECC3F38154501D806CA3F00D4
S31502001D80170500D904FFBF000E4800111647009937
S31502001D90154DC1D806F03F00170780D82E8BBF1409
S31502001DA03A880790040C00010500001144008010D7
S31502001DB0150780D81EFCBF1806843F00174181D83C
S31502001DC00700C010040C8000265B8018170500D996
S31502001DD03A88259106753F00174C01D94C008020A0
S31502001DE03A000510266A3F10170780D806773F008B
S31502001DF01545C1D9164D0038154781DC154601D85F
S31502001E0006613B00174F01D9040580D8150180D819
S31502001E100406C0D8040780D83A880B803A880D8811
S31502001E20C400C0011502C0D8150380D81500C0DC55
S31502001E303A88299840320220154181D806513F003E
S31502001E401742C1D8174301D9440B00073A88211813
S31502001E503C00602406313F004400009D06393F00E5
S31502001E601E253F984400C00406233F008401C00497
S31502001E7006213F00154501D806EE3E003A880F209E
S31502001E800E3700011E030098174C81D94C00803092
S31502001E9026B73F10440080203A88A7981545C1DC32
S31502001EA03A880F980E803F9806B33F00174D81D9A6
S31502001EB084FFBF31154D81D9064C3F000E18000133
S31502001EC0440080003A888514154581D83A880F1057
S31502001ED00E753F1006A83F00040CC080040C80005B
S31502001EE0C508C0D8040880D90409C0D8850880D896
S31502001EF006653F00174C01D93A708420269C3F1094
S31502001F0006663F00040880D98408C0D8065E3F00F2
S31502001F10440B80003AC82101450880D8063D3F009F
S31502001F20840080003AC8051106E63F00154501D82F
S31502001F30154781DC06B13F003A880D003A880F004A
S31502001F403A8809803A880B88409C0820269F3F10D1
S31502001F50440080003AC80915150500D9069B3F00C2
S31502001F601E0D0098174CC1D84C0080181E0A00108E
S31502001F70440000013A880F20154501D9064A3F0060
S31502001F801700C03C0401C0390E0E3D980700C0B8C8
S31502001F90C4FFFF0406D938008400C09C1545C1DC85
S31502001FA03A880F980E403F9806733F00748080006F
S31502001FB0047DA9103A881320170000113A880528D3
S31502001FC03A880F303A880B483A880D1001100020E3
S31502001FD074808000047DA9101700C01004FDFFDE86
S31502001FE0150140DC150000DC1502C0DF3A8823200B
S31502001FF03A88212826020018170E8018261F00107C
S315020020000B0300810C028020262800101704408151
S31502002010261D00284C0080203A000510260B0010D1
S315020020208C008020261200103A8805001502808056
S31502002030260B00283A8805001702C0DF170140DC8C
S31502002040170000DC0403C0DE3A2800F8170580807A
S31502002050150200803AC88500150680801EF53F28C5
S315020020600C20802026F33F10C4FFBF0006F23F007B
S31502002070170580801502808006ED3F003A88091810
S3150200208000B7032006DE3F000CA0C02004808000BB
S3150200209026E0BF183A8809883A880B80808E042089
S315020020A00B0300811704408106DA3F000C048020EE
S315020020B026ED3F100C01802026120010170C4081DD
S315020020C02605002804108080260280283A8809887E
S315020020D040EF0320150C00800B038080170440811B
S315020020E015010080CCF6BF100D03808015004081DB
S315020020F00B03808014028010CCFF3F110D038080F9
S3150200210006C33F001704408106F93F001704C028A2
S315020021101704802004F6FFDE1507C0DD150540DD35
S315020021201509C0DF150800DF150680DD150400DD80
S315020021301503C0DC150280DC150140DC150000DC4D
S315020021403A882F203A882B281674C010C4FF7F1CA9
S315020021503A88458C3A8885100405002C0405C0246B
S315020021603A88ED143A88A580170000B71700409107
S315020021703A8809E044004029400809203A88291093
S315020021801E3C00103A880BA83A8809B8406105201F
S31502002190162B0010440000A53A880F983A881100C1
S315020021A03A880900170040811700C03804010084EC
S315020021B0CCFFBF283A888520CCFFBF11CCFF3F1940
S315020021C03AD404103AD40A283AC889213A8809220C
S315020021D03AD406183A888B283AD40D20CCFFBF2869
S315020021E03AC887183A8887190D0000398D00C03819
S315020021F03AD408280401C0393AD411182EE93F947A
S315020022003A88458C3A8885103A8885981700C01016
S315020022101E0B001804FF3F112E08009917FFBF106E
S315020022202603001006050000170080201E0300107A
S3150200223004FF3F21C4FF7F8C36FB3F99150440BC47
S315020022403A8805A01709C0DF170800DF1707C0DDA7
S31502002250170680DD170540DD170400DD1703C0DC15
S31502002260170280DC170140DC170000DC040AC0DE1E
S315020022703A2800F83A880F983A8811803A8813006B
S315020022803A880D001700C0401700003904010042C9
S31502002290CCFFBF183A3885A03AD40618CCFF7F2166
S315020022A03A888530CCFFBF113A38C7A03AD4041019
S315020022B03AC88B293A884B2A3AD408203A88871892
S315020022C03AD40D28CCFFBF183AC889203A8889210A
S315020022D08D0000390D0040393AD40C180401C0397A
S315020022E03AD413202EE73F921EA63FE004FFFFB02A
S315020022F02E08C09817FFBFB026030010060500007F
S31502002300170080181E03001004FFFF18C4FF7F8CFD
S3150200231036FBFF98150440BC069A3F003A88050032
S3150200232006C83F001710002204DAFFDE152140DD41
S31502002330152000DD151E80DC151D40DC1525C0DFCD
S31502002340152400DF1523C0DD152280DD151FC0DC34
S31502002350151C00DC151600D93A8823303A8829283C
S315020023601517C0D9172880DC3A882B30260A004078
S31502002370171180203A880B40150180401711C020A2
S31502002380440080003A98C41015028040804B052014
S315020023901716C0D81510001816A30088150000904D
S315020023A02CFCDFA834FC9F00269180183A880D0089
S315020023B03A880F003A8809A03A880BA8151200DD60
S315020023C0151340DD409C08201E170010172780D9E0
S315020023D04400800015008030172980D8269B021001
S315020023E0172900D974808000446EA710C4FFFF101D
S315020023F0150080203A8805181725C0DF172400DF4C
S315020024001723C0DD172280DD172140DD172000DDEE
S31502002410171FC0DC171E80DC171D40DC171C00DCF2
S315020024200426C0DE3A2800F8171600D9171240D93A
S31502002430040180D83A880DA80402C0D9150080D8B4
S3150200244040AF0520150780D83AD504A8CCFF011164
S31502002450268600201712C0D834048000C4FFBF109D
S315020024601701C0DD3A7084A83A88111834FC4F125D
S315020024704400BF25150800D83A88050034FECF006F
S315020024803A880B483A8809403A880F183A880D105C
S31502002490C0220820F4DB180244D81042F4F44F029A
S315020024A0C4E9614A3A880F483A880D403A880B18BF
S315020024B03A8809100032082074D82202C42C32420B
S315020024C0F4F14F02048A624A3A880F483A880D406C
S315020024D03A880B183A880910C02A08203A8809B0A7
S315020024E03A8821103A88231840BE0820F42714029D
S315020024F0C47E1E42F4F44F02C404514A3A880F487D
S315020025003A880D403A880B183A880910003208209A
S315020025103A880F183A880B883A880D103A8809804B
S31502002520C02A08203A8809103A880B183A882110DE
S315020025303A882318C0CD08203A880D003A880F0041
S315020025403A8809803A880B88150D80D8C0B50820CC
S3150200255016170310170DC0D8840580002E48C11027
S3150200256044000001150C00D93AC885BDC4FFBF114D
S31502002570160B0330150A80D9151100D8170DC0D8CD
S3150200258016FF0218170A00D91509C0D8151000D867
S315020025903A88C920150A00D9171700D944028000C3
S315020025A0364600114401800016040211440040041C
S315020025B01717C0D84401800036EDC1103A88C518F5
S315020025C03A8885103480C0000476C9183A88C51046
S315020025D0170000113A680020C4260002C426000231
S315020025E0C43000029C300002E0300002EC300002EF
S315020025F0172700D9C4C3890015008020261000A021
S315020026007480C0000472E718172980D926793F30F2
S31502002610C7008018C40000191E100010172980D8A0
S315020026201500001106733F003400A000C4FFBF105E
S315020026304400C0003A70AA881500C09006583F00B0
S3150200264034048000C4FFBF103A7084A81EEC3F1009
S315020026507480C000046FE71806EB3F00172980D884
S31502002660040200191500001106623F001701C0DDC1
S31502002670170280D804080001840CC1B83A88A3184E
S315020026800EB841240410C0003AC8471C04F8BF889B
S315020026903A98C6A83AD884A03AB0881840DB0820EF
S315020026A03A8811103484BF00440000013A88D310DE
S315020026B044F3BE8D150800D9066F3F00151700D8E2
S315020026C044004004C4FFBF004400C000150E80D879
S315020026D0152600D8150F80D8150BC0D83A882110B8
S315020026E0171680D815110010171680D81711401129
S315020026F03A88091080A305201716C0D8150580D878
S315020027001510801884038000366800143A00058884
S315020027101E660010170D00D90E300201CC03802070
S31502002720FA9004103AD125207480C00004C9E61834
S315020027303A88C5100C04C090170000141701401403
S315020027401E6A031884008005261000907480C00457
S3150200275004FBE69C4C0080903A0005101E0800100F
S31502002760170080991701C0993A880B883A88098020
S31502002770003208203A882110440080B53A8823188E
S315020027807AD025900402C09C1EF23F903A880BA88C
S315020027903A8809A03A880F883A880D80406E082048
S315020027A03A8829103A882B18170CC0D83A0005180F
S315020027B01E0800103A88050034FCCF003A880F182C
S315020027C03A8809A03A880BA83A880D10C0B50820A5
S315020027D016FE03103A8809B040BE08203A880B1844
S315020027E03A8809103A880DA03A880FA800320820C4
S315020027F03A881100340750023A8809103A880B18B1
S315020028003A880F483A880D40C02A0820170F00D987
S315020028103A882D103430BF003A88B9183A882FE02A
S315020028201E8F02203A8805003405D0003A8809A096
S315020028303A880BA83A880F183A880D10C022082049
S315020028403A8809103A880FE03A880B183A880DB090
S315020028503A8825103A882718C0A40820164F830004
S315020028603C00E0E03A8809903A880B983A880F18BB
S315020028703A880DB0C0B508200E0800103A88270025
S315020028803A882500172680D8170500DF150600D8D6
S315020028903A308400150D80D8069B0100171280D9A4
S315020028A0171380D83A8829303A882B101702C0D8D5
S315020028B016850018170D00D98403800016820011B0
S315020028C0FA900420172680D97480C00004C9E6183D
S315020028D03A88C510170080141701C014161E03305B
S315020028E0170500D9170FC0D83A8823A83A8821A01D
S315020028F03A882B193A883920060F00003A880500D3
S315020029003409D0003A8809503A880B583A880F1889
S315020029103A880D10003208203A880B183A880D00C2
S315020029203A880F003A8809103A8821103A88231803
S31502002930409C0820264500103A880D903A880F9848
S315020029403A8809803A880B88406E08203A880B1824
S315020029503A880910C0CD08203A8809103A88291009
S3150200296040BE08203A880F183A8809903A880B9890
S315020029703A880D10003208203A880F183A880B88D8
S315020029803A8809803A880D10C02208203A88151024
S31502002990040C80A0050080E0440000E73A8817187E
S315020029A01ED67FE53A880D503A880F183A880950A4
S315020029B03A880B18C02A08203A880D103A880990DE
S315020029C03A880B983A880F183A8821103A882318C1
S315020029D0C0B50820160800103A880B983A880D8070
S315020029E03A880F883A880990C09308201E1700106B
S315020029F04C0080A026150010170D80D8150480D82B
S31502002A003A8809E0C4FF3F210700C020440E800037
S31502002A101E088018170580D81EFA3F111704C0D861
S31502002A20170580D9040C80004400C0181504C0D8CC
S31502002A3005008030030080201704C0D84400002718
S31502002A4044008010150DC0D805008020171600D945
S31502002A50170740D9804B0520050000E0170D80D9E5
S31502002A601727C0D8172900D94400803015008018CE
S31502002A70269C02201705C0D815000027065D3E00D9
S31502002A80170D80D97480C00004C9E618171200D940
S31502002A90FA900430171340D93A88C510170000126D
S31502002AA0170140123A880D403A880F48C0B50820EF
S31502002AB00E030010170D80D8C4FFBF10150D80D865
S31502002AC0150C00D806A83E00170B00D93AC02C20D8
S31502002AD01EC700B0171100DC171080DC3A882700E9
S31502002AE00E0B0004170AC0D80E09C0003A880580EA
S31502002AF01613011C170A00D9171180D93AC8A180EA
S31502002B003AC889203AC88D30150A00D9151180D9DC
S31502002B10171080D80E158000170BC0D83A0005187A
S31502002B201EC901100E0E8004171600D93A880B989A
S31502002B303A880D90C0260620171600D9170780D9A5
S31502002B403A880B103A88271080F40520171600D908
S31502002B50170740D93A882310804B0520150740DC19
S31502002B60171000D93AC88D241E0E0130171600D947
S31502002B70440040043A880B8800130620170980D9BE
S31502002B803A8825100E048001171600D93A880B10D0
S31502002B90C02606203A882510171780D80EF380889B
S31502002BA03A882300170980D91E9E01304400C000CE
S31502002BB0170A00D93A88C520CC07C0101E8400180F
S31502002BC004078000170A00D9171180D93A88A18014
S31502002BD03A8889203A888D30150A00D9151180D98C
S31502002BE0171180D80E058000170740D9171600D98D
S31502002BF03A880D10C0DF0520150780D8170AC0D8FD
S31502002C000E05C000171600D93A880B903A880D189F
S31502002C10C0DF05203A882510170C00D93A00052096
S31502002C20266F0110170F00D90E170201170B80D954
S31502002C303A0005301E8800100E050004171600D94A
S31502002C403A880B983A880D80C0DF05203A8827100B
S31502002C503AC004881E5402103A880B98170580DD84
S31502002C601506C0DC4C0000A73A882728170700D9AA
S31502002C703A880B90C0100220170700D9170640D9D0
S31502002C803A882310040CC08D40610520171600D91E
S31502002C903A880B903A880D983A88291000C7052081
S31502002CA03A882B10170380101E280110170700D927
S31502002CB03A880BA840610520171600D93A882110D8
S31502002CC03A880BA8804B05201E040080171780D86F
S31502002CD01E0200103AC004E026170110160601A0D3
S31502002CE01E0400A01717C0D81E0200183AC004E03E
S31502002CF026010110163D02040500C0B5170580D94C
S31502002D00170F00D9440080B53A880531266580B090
S31502002D10170740D9171600D9840280013A880F0096
S31502002D20C0160620150780D8170680D8260CC114AF
S31502002D30170640D9171600D9840280013A880F0077
S31502002D40C0160620171600D93A880B98840280010D
S31502002D503A880F00150680D8C01606203A88271032
S31502002D6006C23F003AC845243A9888A0064B3E0060
S31502002D70C4FFBF0144008000150E80D9150F80D90B
S31502002D80150B80D81716C0D8C40580001511001877
S31502002D902E0880150401C0003A8809003A88C7182F
S31502002DA004058018440000212EFCBFB0171680D9F6
S31502002DB015110031170F00DC064B3E00171780D99C
S31502002DC03A88230004FFBF31151780D906F83D0063
S31502002DD0040880003AC8C9100401C000165A001936
S31502002DE0C4008000167E3F110407802006753F004E
S31502002DF0171780D9440080000EA18011170F80D9C1
S31502002E001710C0D8C4FFBF3016C681183AC8A51815
S31502002E10170F80D816620210171100DC3A880710C5
S31502002E20170A80D9171180D8171600D93A88CD30DB
S31502002E303A88C51044004001150A80D9151180D878
S31502002E40001306203A88271006253F007480C0002A
S31502002E50046EE71806673D00170580DD440000048E
S31502002E6006070000170740D9171600D98402800109
S31502002E703A880F00C0160620150780D84400008441
S31502002E80170700D93A880B90C0100220040CC0150F
S31502002E900500C0B5170FC0D8440080B516F1FF80F3
S31502002EA0150600D8170740D9171600D94400800125
S31502002EB0C0DF05203A8809103A880B90150780D89A
S31502002EC0406105200E3C80003A8809B0C4FF3F21CC
S31502002ED003004021440E8000CC3FC0281C20C018AD
S31502002EE004E0FF181E988118170580D91EF7BF2126
S31502002EF0170D80D84400003744008010150D80D885
S31502002F00440C800005008030171600D93A880B90D1
S31502002F10804B052026CD3E981706C0D826040018F9
S31502002F202603C01C171600D93A880B18804B0520B9
S31502002F30171600D93A880B98804B052006C33E0027
S31502002F403A88051806EB3E00170A80D91711C0D831
S31502002F5004FFBF203A888D303A8887183A88A180C4
S31502002F60150A80D91511C0D8061D3F001E0C3FA0B8
S31502002F7034048000C4FFBF103A7084A81E083F10B4
S31502002F802CFC9FA826063F101711C0D8170A00D995
S31502002F904400C018440000211511C0D8150A00D9F2
S31502002FA006003F00170740D9171600D9C02606208B
S31502002FB0150780D806ED3E001E0200104C0080B8B0
S31502002FC01EC13F10C4FFBFB50700C0B0040C80008D
S31502002FD026FCBF18440000B706CB3F00170D80D968
S31502002FE03AC88F0126F70138CC038039FA900C30A3
S31502002FF07480400104C96629171200D93A884D31F6
S315020030001701C03017008030171340D93AD1213842
S315020030103A880D103A880F18003208203A881110A3
S315020030203A8813183A8829103A882B1826E501801F
S31502003030840080057480400404FB668C4C0080800A
S315020030403A0005101E080010170080891701C08972
S315020030503A880B483A880940003208203A8811100B
S31502003060440080B53A8813187AD021800402408C35
S315020030701EF23F803A8829403A882B4806CA3D000C
S31502003080170800D93A0005201EF60110171100DCB8
S31502003090171080DCC40CC11806613F00150B00D85E
S315020030A0172680D9170DC0D8440080303A88AD184B
S315020030B0C4FF3FB1150E00D90EF68105150F80DD4E
S315020030C006303F00150B00D8172600D90EEB01017A
S315020030D03A882D20150E00D9150F00D906293F0072
S315020030E044008001150B80D906F73F004400000119
S315020030F0150B00D906EA3F000E0C0004170740D94B
S31502003100171600D944008001C0DF05203A8809104D
S315020031103A880B90150780D8406105200EE08100A1
S315020031204400C0BD840E800026A281B8440000B7C8
S315020031300500C0B506743F00440E8000269D81B886
S315020031400EFA3F05440CC08D06F83F00171600D94B
S315020031503A880BA844000004804B052006DF3E0097
S31502003160171600D93A880B98840280013A880F0014
S31502003170C01606203A882710150680D806BB3E00E0
S31502003180171180D9170D80D8150900D83AC88D3085
S315020031903AC88700151180D91510C0D806FE3C0022
S315020031A03AC88D01151180D9150A00D806F33C00DC
S315020031B0170D00D940BE08203A880B883A88098044
S315020031C03A880F183A880D10409C082026E13C10D8
S315020031D0170D80D9C4FFBF31150D80D906DD3C001D
S315020031E0170700D93A880B90406105200E8D3E10D4
S315020031F0170740D9171600D9840280013A880F00B2
S31502003200C0160620170D80D9150780D8C4FFBF3116
S31502003210150D80D91EA701B0170E80D8150F80D8BC
S3150200322006803E00170480903A8885103A888510F9
S315020032303A88851417040011004E05200408C000C0
S315020032403AC88718065A3E00170740D9171080D980
S31502003250171600D9C0260620150780D806433E0059
S31502003260170F80D9170D80D8150380D9150480D879
S31502003270170BC0D83A0005181EE20010170300D932
S315020032803A88050034F8CF00FA900C2074800001C9
S3150200329004C926213A880B183A880D3117FF7F3266
S315020032A017FE3F323A8809103A880F483A880D408D
S315020032B0406E08203A880B183A880DB03A880FB843
S315020032C03A880910C02208203A880BA83A8809A031
S315020032D01519C0D8151880D8C0CD08203A8809100B
S315020032E03A88271040BE08203A880BA83A8809A0D7
S315020032F03A880F183A880D10C0220820171880D96C
S315020033003A882318151480D83A882D30170580D9A3
S31502003310040CC09C151540DC1719C0D80500C03432
S31502003320170580D8171940D9171480D93A8809B0D9
S315020033303A880F883A882F1844000017C0A408203C
S31502003340164E8000171480D93A88050034FCCF0047
S315020033503A880B183A880F883A880910C022082042
S31502003360171940D93A880F183A8809B03A880D10C9
S31502003370C0A4082016A2BD001703C0D844008000CE
S315020033801612C01006453D00171480D93A8805006A
S3150200339034FCCF003A880B183A880F883A8809100D
S315020033A0C0220820171BC0D93A880B183A88091080
S315020033B03A880DB0C0B5082016913D10170580D980
S315020033C0170300D93A8805312634BDE03409500482
S315020033D03A8821003A880BB83A8809B03A880D80B3
S315020033E03A880F8800320820171540D9171400D9D9
S315020033F03A880F883A880D00151A80D8151BC0D84E
S31502003400003208203A880B183A8809103A8823189D
S315020034103A882110C0CD08203A8809103A882B1024
S3150200342040BE08203A880B883A8809803A880F18E5
S315020034303A880D10C02208203A882110171B00D99D
S315020034403A882318151400DC040C40AD151540DC2F
S31502003450171A80D8050040E53A882F20171BC0D9D5
S31502003460171400D93A880B883A880D103A882D101D
S31502003470440000E7C0B508200EC33F10170400D968
S31502003480150D00D906713D00171780D984008000FA
S315020034900EE6BD111EFB3C20171600D93A880B908A
S315020034A0440180013A880F00C0160620170700D98A
S315020034B03A880B103A882510406105200EF1BC00AF
S315020034C0170DC0D8170500D9150600D84400C01834
S315020034D0150DC0D8440C800044000027050080204A
S315020034E006893E001705C0D806C23B0074808001DB
S315020034F004FBA6311709C03017088030171200D90D
S31502003500171340D93A880F183A880D10406E0820D2
S31502003510CC038094C40080053A8829103A882B1877
S3150200352006893C00171000D9170980D93A88250068
S315020035303AC805113A8889203A888D30151000D983
S31502003540150980D906323E0044008028440000272F
S3150200355005008020066C3E00170F80D816E0BC00DE
S31502003560170F80D91EC53C303A8805003405D000B5
S315020035703A880B983A880F183A8809903A880D10BB
S31502003580003208203A880B183A880FA83A880910A0
S315020035903A880DA040AD08200EB83C103A882700A4
S315020035A03A88250006C63F0017014099171600D92A
S315020035B080A305201704809904030011040340998F
S315020035C03A888D313A888D31040280313A88231047
S315020035D0002A0520171600D93A880B884400800174
S315020035E0C0DF05203A880B10069C3D00440E800081
S315020035F0267080B8440080B8440000B7050080B049
S3150200360006413E00170380D87480800104C9A631A2
S315020036103A8809B0FA900E103A880BB83A888F3970
S3150200362017FEBF38170580D917FFFF384400003749
S315020036303A880F183A880D10003208203A880BA8EB
S315020036403A8809A03A882F183A882D10C0CD08204A
S315020036503A8809103A88271040BE08203A880BA8F3
S315020036603A8809A03A880F183A880D10C022082015
S315020036703A880B181705C0D8040CC09C3A88091062
S315020036800500C01C3A882120170300D94400800097
S315020036903A882328262280203A8829103A8805006B
S315020036A03409D0003A880F183A880D103A880B88E8
S315020036B03A880980003208203A880B183A8809109D
S315020036C03A8823183A882110C0CD08203A88091072
S315020036D03A882B1040BE08203A880B883A8809801F
S315020036E03A880F183A880D10C02208203A880B181B
S315020036F01705C0D83A880910040C40AD3A88051D52
S31502003700050040153A882120170300D9440000A578
S315020037103A8823281EE13FA13A8805E5C4FF3F17F0
S315020037203A88250034F8CF043A8809B03A880BB8AB
S315020037303A880D903A880F98C02A08203A880B18C2
S315020037403A8809103A880D803A880F88C0B5082051
S3150200375016AB3C103A8809003A880B983A880FB89B
S315020037603A880DB0C02208203A880B183A880F888A
S315020037703A8809103A880D80C0A408200E47BC007A
S31502003780040CC000C4FF3FE7070080E026FDFF10DF
S31502003790170480D9440000E7150D80D906AB3C001A
S315020037A0170FC0D8171100D93AC8E1203A88070086
S315020037B0069B3D00440E8000050080B0440080B5A3
S315020037C006C13D008400800506F73B00170F00D9AD
S315020037D00E003C01170E80D90E30BC013A88050056
S315020037E03409D0003A880BA83A880F183A8809A0FB
S315020037F03A880D1000320820440000B13A882110A0
S315020038003A88231840BE08203A880B883A880980ED
S315020038103A880F183A880D10003208203A881100AB
S31502003820340750023A880B183A880F483A8809102A
S315020038303A880D40C02A08203A882D103430BF003D
S315020038403A88EF10170D80D8170EC0D83A8829800B
S31502003850C4FFBF103A882B88150480D81503C0D838
S3150200386006833E00170180D8171100DC171080DC92
S31502003870840DC0003AC8871806693D0044008001DD
S315020038803A882130150F80D9152680D9150E80D990
S3150200389006933B003A8821B0150F80DD06903B0067
S315020038A01E223E104C0080B83A0005101E1F3E1024
S315020038B0061B3E00171600D93A880B98840280012F
S315020038C03A880F00C0160620170EC0D83A8827106D
S315020038D0150FC0D806D33C0004FBFFDE1503C0DC7F
S315020038E0150280DC1504C0DF150140DC150000DC82
S315020038F03A8827203A88252826020020170E80209B
S31502003900265600100B030091CCFFFF201C00E01886
S315020039100400E0180C0280181E2600101701C09041
S31502003920140082200D0380903A8809100E40C000D0
S31502003930170A0092264000400C00842026530010ED
S31502003940171400940B0380900C0180101E4800107F
S31502003950170740913A8809983A880D803A880F00ED
S315020039603AE83E401E2680800B03809017040091A1
S3150200397015010090CCFFBD10CCFFFF100C00C4183F
S315020039800D03809015000091262B00183A88070037
S315020039903A880518151400941704C0DF1703C0DC13
S315020039A0170280DC170140DC170000DC0405C0DECC
S315020039B03A2800F817044094261F008817008090C2
S315020039C0CC00C018150040943AC861142625001888
S315020039D03A880500150280900E1700041709C09058
S315020039E0170740913A880D883A880F803A880998D5
S315020039F03AE83E183A88A3883AC8A18016F6BF006C
S31502003A000B038090C4FFFF00141080100D038090FA
S31502003A103A8805181704C0DF1703C0DC170280DCDA
S31502003A20170140DC170000DC0405C0DE3A2800F866
S31502003A30170F809016BEBF003A8807003A8805180D
S31502003A401704C0DF1703C0DC170280DC170140DC55
S31502003A50170000DC0405C0DE3A2800F800B7032090
S31502003A6006A83F00170580901502809006DA3F00EF
S31502003A7017018090170CC0903AC8A18026B43F184F
S31502003A80170F80903AC8A18006B13F0017074091F0
S31502003A903A8809983A880D004400C0013AE83E4047
S31502003AA03A882110C4FFBF0026028080170A0092BE
S31502003AB006A43F001700C0984407800026DEBF1800
S31502003AC00B0380903A880780141080100D038090B3
S31502003AD006CF3F003480400104364E293A8807203B
S31502003AE02605002074808000047DA91017000011AD
S31502003AF03A880B18818D032074808000047EA910F9
S31502003B0017000011416A04203480800004E09A10F4
S31502003B10150B802034808000041B9B101508802022
S31502003B203480C00004FCDA183480800004E29A1063
S31502003B300D0340218D0380211509C020150A80201E
S31502003B401500002015010020150200201504002092
S31502003B501505002015060020150700213A2800F851
S31502003B603A2800F83A2800F83A2800F83A2800F8E5
S31502003B70170E802004FDFFDE150140DC150000DC77
S31502003B801502C0DF44004004040140013A880D00DA
S31502003B903A88212004BB00223A880F20260500100D
S31502003BA01702C0DF170140DC170000DC0403C0DE89
S31502003BB03A2800F8170100213480800004158F107E
S31502003BC0C400C000150F808015B9C08015BA0082E6
S31502003BD0150E408415B8008080B0032017020081BC
S31502003BE03A880D883A880F808402400180B003200B
S31502003BF0170300813A880F80840440018400800103
S31502003C001702C0DF170140DC170000DC0403C0DE28
S31502003C1081B003203A8805003A2800F83A88050060
S31502003C203A2800F874808000047DA910170000115C
S31502003C303480400104074F29C17604207480800035
S31502003C40047DA910170000113480400104054F2994
S31502003C50C176042034804001042A5C29C1760420FE
S31502003C6074808000047EA9101700001141C503204C
S31502003C7004FCFFDE150140DC2417402C150280DC13
S31502003C803A88252804034089150000DC1503C0DFA5
S31502003C90C0A704203A8821003A880D883A880B008A
S31502003CA026060010040300111501801415000010E9
S31502003CB0150200113A882110004205203A88058033
S31502003CC01703C0DF170280DC170140DC170000DC97
S31502003CD00404C0DE3A2800F804FDFFDE748080008A
S31502003CE0047EA910150000DC17000014150140DC43
S31502003CF01502C0DF170E80803A8823202626001080
S31502003D0004B800841701808017020081C4FFFF10E7
S31502003D10160900180F038020260B0010C4FF7F012E
S31502003D20060200000F03802026070010C4FFFF18BA
S31502003D30041700211EFB7F19170080802619001028
S31502003D403A88211006EF3F00C4FFBF004400C000BE
S31502003D508D0380200D03C0201500002015020020CF
S31502003D601501002015040020150500201506002067
S31502003D70150C0020150D002015110020151200202B
S31502003D803A8805201702C0DF170140DC170000DC65
S31502003D900403C0DE3A2800F83A88098000B70320F7
S31502003DA006D73F003A8809880401400100C703206C
S31502003DB0150080801EE23F10040380003A88090045
S31502003DC01500808806EE3F0004FBFFDE1503C0DC0B
S31502003DD07480C004047BE89C150280DC150140DC7B
S31502003DE0150000DC3A8823283A8825201504C0DF0E
S31502003DF0406F0920170280983A8809903A880B008A
S31502003E001701C01004FFBF003A70A0183AC86384B5
S31502003E10C4FB438C3AD32288C4FF8300C4FF7F8C41
S31502003E203A9322880E06401400B106201702C09863
S31502003E303A8809903AC84B043A88C7802609C010C6
S31502003E40806F09203A8805001704C0DF1703C0DC1B
S31502003E50170280DC170140DC170000DC0405C0DE17
S31502003E603A2800F83A88099000B106203AC84D84EB
S31502003E70C4FFFF003A8809903A880B007480C0019B
S31502003E80048BE939540080312609C01017008038A6
S31502003E901702C0983A8809903AC845141500803826
S31502003EA015018019806F09204400800006E63F0054
S31502003EB000B10620170280993A880F103A880990B5
S31502003EC03AC88711C4038000540040190EDCFF1063
S31502003ED0748080000482A9101700C01074808000CC
S31502003EE0048BA910150140313AC8C7381500C01015
S31502003EF006D33F0004FDFFDE150140DC150000DCA1
S31502003F001502C0DF3A8821283A882320265A00283B
S31502003F10406F092004FE3F821701404184FFBF0023
S31502003F2074808002047BA8523A708E283A88CD416A
S31502003F301701C0301702005104FFBF003A709218F1
S31502003F403A881750266700314C0080283A0005103F
S31502003F50150140321E1A00103A880B003A88473281
S31502003F60170180184C0080101E2300103AC00A2840
S31502003F703A884F3A1E4500281702003174808000A5
S31502003F80047DA810267B8020170380303A88073AE2
S31502003F901500C0191502001115038020540080383F
S31502003FA015018040261A00283A8809881702C0DFC0
S31502003FB0170140DC170000DC0403C0DE816F092014
S31502003FC017FEBF800402C0503AC891401702004152
S31502003FD03A888F382661C020170380403A884732D4
S31502003FE03A880B001502001115038020170180186C
S31502003FF04C00801026DD3F10540080383A88073A7C
S315020040003AC00A28150180401500C0191EE63F284D
S31502004010C47F80002E1FC0117AD206381E480018AF
S31502004020FAD00438FA9006103A88CD1A17024031AF
S31502004030265940311701802804FFFF003A70C41048
S315020040402E028038170240291EFA7F311703802973
S3150200405015038041150240413A8809881503002A52
S31502004060150200321702C0DF170140DC170000DC20
S315020040700403C0DE816F09201702C0DF170140DC8E
S31502004080170000DC0403C0DE3A2800F817020031EC
S3150200409006BD3F00FAD006384400800017014051A1
S315020040A0FA900818BAD007183A88C922170280214E
S315020040B03A98C41015030041150280413AB08A2885
S315020040C0150200223A88098815014051150300326B
S315020040D01702C0DF170140DC170000DC0403C0DE54
S315020040E0816F09204C0080283A884D3A1E0700103D
S315020040F017FEBF803AC89140170300411702C0401D
S315020041003A888D301502C02015030019748080008C
S315020041100481A910170000115400C0301502005284
S315020041201501C04036A03F31748080000486A91074
S31502004130170040113A88098880DC0320069A3F005E
S31502004140040180002E07C010040580003619C01035
S31502004150C4168018FA90061006B33F0044004001C8
S31502004160067E3F00BAD10438040E8010FA9006107B
S3150200417006AD3F0015030022150200223A88053AD1
S315020041805400C0381500C011150200411501C04087
S315020041901503004106843F00BAD005104400C00052
S315020041A0170100513A9886183AB0C82015010051F5
S315020041B006A73F00041580003604C0103AD304381F
S315020041C0841B8010FA90061006973F000455800063
S315020041D03604C010FAD30438C41D8010FA900610B3
S315020041E006913F00045581002E03C010841F8000F3
S315020041F004FCC000068C3F00BAD40438041F8010A9
S31502004200FA90061006883F001702803004F5FFDE9A
S31502004210150900DF150780DD150380DC150AC0DFEE
S315020042201508C0DD150640DD150500DD1504C0DCE8
S31502004230150240DC150100DC3A882D303A88392017
S315020042403A882528261C00100B03C0290C02803848
S315020042502627001017048028262500108C00803897
S31502004260170040B5262800103A8821003A88230014
S315020042703A880D883A8809E004008100266E00809B
S315020042803A880F80170740912E0100143A880F10C2
S315020042901709C0903AE83E183A8807103AC8A18032
S315020042A03A88A3880E6D8000170280B03AC8C510FE
S315020042B0150280B01EEE3F103A8809003A880520A2
S315020042C0170AC0DF170900DF1708C0DD170780DDF0
S315020042D0170640DD170500DD1704C0DC170380DC76
S315020042E0170240DC170100DC040BC0DE3A2800F896
S315020042F000FD01201EE400100B03C091170040B51B
S315020043008C0080381ED83F104C0080383A000510C9
S31502004310265700103A8829003A882F00264200A024
S315020043200C80803817020094268B00103A880D8084
S3150200433036A500A40C208138262700101705809088
S3150200434017040092170040913A8887103A88871816
S31502004350FAD708183AC8212A440080803A88C92028
S315020043607AD027203A8885A03A880D982E0280981E
S315020043703A8827103A880D100C00813826B80010AA
S315020043803A880B303A8809E0C0A70420263100108B
S31502004390170440913A8809103A880D803A8823100A
S315020043A0002A05200B03C090C4FFBE003A7086188F
S315020043B01420C0180D03C0903AC8079C3A88058C91
S315020043C03A880DA03A8821A0150080901502C09067
S315020043D0150440941505C094170000913A880BB84D
S315020043E03A8823A0003405201702C0901700809057
S315020043F03A8827A03AC8071C3A8805141502C090C5
S315020044003A8821A015008090170280B03AC8051498
S31502004410150280B026A83F103AC869A40B03C091C2
S315020044203A88EFBC1EBE3FA01700C0AD170100AD13
S31502004430040240AD06B93F00170040AC170100ACBC
S31502004440040240AD068A3F00170440913A8809E00B
S3150200445040EF032004038000150080E00B038090E8
S31502004460C4FF3F01141080100D03809006933F0095
S315020044703A8827003A882F00150000D83A88290082
S31502004480261E00981700C0D83AC00418265E0010EF
S315020044903A8821982E01C0A43A8821A017000091DB
S315020044A017048090170280911705C0912E02001101
S315020044B03A88E3311616008C1638C0811709C09067
S315020044C0170740913A8809E03A880DB83AE83E184B
S315020044D03A8823100EE1BF003AC869A4261800A044
S315020044E0170280B03AC84514150280B026723F10F2
S315020044F03AC8679C3A886FBC1EE23F981700C0AD67
S315020045001701C0AC040240AD150000D806DC3F001E
S315020045103A880BB83A880D88003405201700C090F7
S315020045203A8809E03A880B903A88471C1500C090F1
S31502004530808D03201EC93F103AC869A41EE83FA019
S315020045403A8809E03A880B90808D03201EC33F10FB
S31502004550150000D806E23F0017000091170480906C
S315020045602E0200113A882380363100851705C09144
S315020045703618C0A11709C090170740913A8809E07A
S315020045803A880DB83AE83E183A8821100EB3BF00B1
S315020045903A8823103A882710069B3F003A880BB8C0
S315020045A03A880D80003405201702C09017008090CB
S315020045B03A8823803AC8071C3A8805141502C09027
S315020045C01500809006C43F003A880DA03A8821A0C3
S315020045D006813F003A880BB83A880DA000340520C0
S315020045E01702C090170080903A8821A03AC8071D8A
S315020045F03A8805153A8823A03A8827A01502C09062
S315020046001500809006803F003A8809B8840240016E
S315020046103A880D98C01B0520261700103AC8C51502
S315020046204400001544008000150080D806983F001B
S315020046303A880BB83A880D80003405201700C090DE
S315020046403A8809E03A880B903A88071C1500C09010
S315020046503A882780808D0320266B3F10067F3F0015
S315020046603A880B403A8809E0C04A062026763F106F
S315020046703A88231006503F004400C0004400009DC3
S315020046801500C0D806823F000B0380904402C0008A
S31502004690C4FF3F01141080100D0380901500C0E086
S315020046A006063F0004F7FFDE1503C0DC04B8C0248B
S315020046B0150680DD150540DD1508C0DF1507C0DDCE
S315020046C0150400DD150280DC150140DC150000DC56
S315020046D03A882B203A882D2800B6032026210098F6
S315020046E03A882F001701809C1702009CC4FFBF90D6
S315020046F0160D00103A882300C4FF3F050F03808081
S315020047004400408C260600108F0380803A880B8076
S315020047103A8809A8260200153AE83EB03AB0AEB881
S31502004720041700841EF57F941700C09C1EED3F9867
S3150200473040B603203A8805B81708C0DF1707C0DD60
S31502004740170680DD170540DD170400DD1703C0DC00
S31502004750170280DC170140DC170000DC0409C0DE0A
S315020047603A2800F83A882F0006F13F0004F8FFDEE7
S315020047701503C0DC04B8C024150540DD1507C0DFEB
S31502004780150680DD150400DD150280DC150140DC0E
S31502004790150000DC3A882B2800B60320261F009855
S315020047A03A882D001701809C1702009CC4FFBF9017
S315020047B0160C00103A882300C4FF3F050F038080C1
S315020047C04400408C260500108F0380803A880980B9
S315020047D0260200153AE83EA83AB0ACB004170084A7
S315020047E01EF67F941700C09C1EEE3F9840B603202B
S315020047F03A8805B01707C0DF170680DD170540DDCA
S31502004800170400DD1703C0DC170280DC170140DC49
S31502004810170000DC0408C0DE3A2800F83A882D00AA
S3150200482006F23F001704A0D03A2800F874808000F0
S3150200483004BDA6103A2800F874808000047DA910F1
S3150200484017000011C182042004FCFFDE7480C00040
S315020048500473E718150280DC150140DC150000DC44
S315020048603A8823203A8825281503C0DF3A88213062
S315020048703A8809303A880B1826090030C0CC06203F
S315020048803A88098074804001046667291E0B00106D
S31502004890150D008C150C808C7480C0000473E7180B
S315020048A03A8805181703C0DF170280DC170140DCBF
S315020048B0170000DC0404C0DE3A2800F8C0CC06204B
S315020048C03A88070026F23F1006F53F007480800101
S315020048D0047DA9313A880720170000313A880D284D
S315020048E03A880B18818404200B03802804EDFFDE2E
S315020048F0151040DC8C008010150F00DC1512C0DF8D
S31502004900151180DC3A8821283A882320260B0010CC
S31502004910C410C02844008000150580281504C0284C
S315020049201500C0281712C0DF171180DC171040DCF3
S31502004930170F00DC0413C0DE3A2800F88F03402963
S31502004940162100283A880DD8C00B0720161E001023
S31502004950170180D81400E0000C003C112631C0205B
S315020049600B0380800400C800140082100D038080AF
S31502004970261EC020040081043A8809883A880B90D2
S31502004980C0A704203A880910263100100B03C08004
S315020049903480800004158F10150F80881420C018EB
S315020049A0150580840D03C080150400811500008161
S315020049B01712C0DF171180DC171040DC170F00DC5E
S315020049C00413C0DE3A2800F80B03C0800C208018BE
S315020049D02604001004108004140082180D0380803F
S315020049E006E53F000400810406FB3F008F03408179
S315020049F03A8809880013072026DE3F100B038080C1
S31502004A00C410C08004008104540080100D0380800D
S31502004A10440080001504C080150580801500C08002
S31502004A2006D53F00170AC0803480800004E29A103F
S31502004A301ECBBF180B0380800400C1003A882518DC
S31502004A403AB0C4100D0380801513C08006CA3F0019
S31502004A500B0300810C8080201EB23F10C410C08060
S31502004A609400002144008000150580800D0300811A
S31502004A701504C0801500C08006AA3F0004F6FFDEBA
S31502004A80C402C02884058000150280DC1509C0DF37
S31502004A90150800DF1507C0DD150680DD150540DDAA
S31502004AA0150400DD1503C0DC150140DC150000DC31
S31502004AB03A8825203612C010040440042E14408978
S31502004AC0040380003A880700150080903A8805188A
S31502004AD01709C0DF170800DF1707C0DD170680DDDC
S31502004AE0170540DD170400DD1703C0DC170280DC62
S31502004AF0170140DC170000DC040AC0DE3A2800F881
S31502004B0004FEBF003A70A21816ED3F8836EC7F8984
S31502004B103A880990406F0920C47D80002E2B4014EC
S31502004B207AD206881E3F0018FAD00C88FA90043012
S31502004B307480C002047BE85A3A88CB121703002C11
S31502004B403A880F581E04002C060A00000E8600182A
S31502004B50170300842607002C1701808004FFFF003C
S31502004B603A70C8103AC84724C40380000EF7FF10F3
S31502004B70C4FFBF314400403274808002047DA852D3
S31502004B801702005426A080821701808004FFFF00CE
S31502004B903A70CA103AC84D2CC4038000168380119D
S31502004BA01503805215028052162900303A88478131
S31502004BB0170180183A880990540080101501801850
S31502004BC0806F09200402C08006C03F007480C002C4
S31502004BD0047BE85A3A88C58A170300143A880F58A4
S31502004BE0FAD00688266C00141701C08004FFBF00A5
S31502004BF0170380813A7086183A88C7801701801891
S31502004C00170240813A8809905400801015018018D5
S31502004C101502403115038029806F09200402C080E5
S31502004C2006AA3F00040180002E05C010040580007C
S31502004C303678C010C4168019FA90043006BC3F00BC
S31502004C40BAD10488040E8011FA90043006B83F00E7
S31502004C50C47F800036BB4011FAD0062804FE3F57B7
S31502004C6044008000FA900818BAD007181701C0E16C
S31502004C703A880959170240213A98C410150300814F
S31502004C80150240813AB08E381503002C1502002415
S31502004C901501C0E13A88074816CD0048BAD0071870
S31502004CA0440080003A98C810364400393A70C4214C
S31502004CB01E0A00103A88092104FFBF003A70844890
S31502004CC03A700639040140121E0400183A88092176
S31502004CD03A7004390401404A26FC3F10FA9004480F
S31502004CE03A88194804FF3F023A889B583A8807686F
S31502004CF0C40340011703001C1E04001C06A7000083
S31502004D000EAB00301703008426A4001C1701808016
S31502004D103A7004123AC84D140EF9BF2917030081DE
S31502004D201702C080540040893A8845841502C02083
S31502004D3015030019150140813A8887115400003184
S31502004D4015038050150280501500801915010011B7
S31502004D5015028012150380123A880990806F092085
S31502004D600402C08006593F003A8809811701802053
S31502004D701702C0801703408154008010150180205D
S31502004D801502C028150340193A880990806F092038
S31502004D900402C080064D3F000402808017030014FF
S31502004DA01E913F148400401A06733F005400C088C7
S31502004DB03A8845841501C08006DF3F00170200E4E9
S31502004DC004FFBF001701C0803A882D803A70AA18E6
S31502004DD0361640AC3AC849ACC40380000E13001123
S31502004DE0540080883A8847841501808054008020C8
S31502004DF0150180181502C0E03A880990806F0920D3
S31502004E000402C08006313F001701C03904FE3F5735
S31502004E1006A03F00041580003667C0103AD3048806
S31502004E20841B8011FA90043006413F00170AA0D075
S31502004E301706E0D0C4FF3F05040480103A88A7880D
S31502004E402603001DC4FFC3980400BC003A70A618CE
S31502004E503A8809903A880B9800B106203A880910D8
S31502004E60260400153A884B853A8829102E5A401195
S31502004E70260C0087170200E41701C08004FFBF005A
S31502004E803A708418360340143AC84914C4038000A1
S31502004E9016D33F113A880990806F09203A88070095
S31502004EA0060A3F007480C005048BE9BD170080B86E
S31502004EB03A888D98150080B91706E0D0C4FFBF0066
S31502004EC0268E80183AC845213A888530150080B862
S31502004ED0CC01C0201E5F00183A880B003A88C5A490
S31502004EE0CCFF83100400C4003AC887183A88E72822
S31502004EF03A8809903A880B9800B106203A8807103A
S31502004F00C4FFBF00267A80183AC8051D3A888598DC
S31502004F105400C010170080B83A8821A01501C0A01D
S31502004F203A888598150080B8150200E5263600B73E
S31502004F30C4038001364B403544008000150180A031
S31502004F4006CD3F007AD208281E370020FAD008285C
S31502004F50FA9006203A88D11A17028041265B8041D0
S31502004F601701803004FFFF003A70C4102E02802819
S31502004F70170280311EFABF41170300321701C039EA
S31502004F80150300821502808174800007047B28E7DE
S31502004F901503003415020044063E3F004400006338
S31502004FA0CC008060265D00100402C01806513F0046
S31502004FB03A888980066D3F00045580003620C0106D
S31502004FC0FAD30488C41D8011FA90043006D83E0034
S31502004FD0C400C04806313F007480C005048BE9BD99
S31502004FE0170080B83A888D98150080B91EB23F29FD
S31502004FF0CCFF83201EB03F10170200E43A88459D7D
S3150200500054008010150180801700C0B8170BA0D07D
S315020050102E01C010150BE0D0170CA0D02E96FF1053
S31502005020150CE0D006943F0004018000361E0011E4
S31502005030BAD10428040E0011FA90062006C53F00D4
S31502005040045581002E1DC010841F800104FC8000BF
S3150200505006B73E00040280003AC8CB103A8869219E
S31502005060069E3F0004FEBF0004FD3FA93A70882059
S315020050703A880BB14401C0001502C0281501C028A8
S31502005080170180B04C0080103AB08420150180B020
S315020050902EDD3F31040240B13A88099040EF0320E9
S315020050A0170200E406D83F000405800036150011F9
S315020050B0C4160021FA90062006A63F00BAD4048838
S315020050C0041F8011FA90043006993E00BAD00920D6
S315020050D074804001047B68294400C00017018028BF
S315020050E03A9806193AB0C4101501802806A33F0063
S315020050F03A8827004400C00006863F00150620D1E4
S3150200510006733F0004158000361900113AD30428AD
S31502005110841B0011FA900620068E3F003A880B483F
S315020051203A880768CC00802804FEFF18C4FF7F294E
S31502005130261500101702801826FAFF103A88092150
S31502005140361E3F39261D3F203A70C4212602001022
S315020051503A88136006E13E003A8809213A7004391A
S315020051600401006326FC3F103A88136006DB3E000A
S315020051700455800036080011FAD30428C41D001114
S31502005180FA90062006733F003A3004013A708E38D0
S315020051901501C0E106E93F00045581002E03001106
S315020051A0841F000104FCC000066A3F00BAD404282A
S315020051B0041F0011FA90062006663F00C400800014
S315020051C0CC3F40293A8807202E0280113A7084206B
S315020051D0260B0010C4FF3F311E050030062C0000CE
S315020051E0C4FF3F21C4FFBF004400C0182628802008
S315020051F0030080181EFABF283A8805183A2800F8D4
S315020052003A8811003A8807000401C0013A92044024
S315020052104400C0183A8851111EFCFF19F4BFBF02A0
S31502005220C4BFBF52742060020420604AC400C00298
S315020052301700802004FFBF313A880F203AF004128B
S315020052403A8887123A70461A3A3084003A70C41085
S31502005250260B001003008020260F802843008020A2
S315020052604400C021260C8028830080208400C021AF
S3150200527026098028C3008020C400C0212606802873
S315020052800401002136EABF593A88072006D13F00B9
S315020052903A8805003A2800F83A8805383A2800F88C
S315020052A0C403C0013A8807202E0380393AB0042984
S315020052B0CC00801026090010260600303A88CD3030
S315020052C00300802844004029050080184400C018C5
S315020052D01EFBFF303A8805203A2800F83A88113832
S315020052E03A880F201700C02804FCBF311500C038C9
S315020052F017018028150180381702C0281502C03808
S315020053001703802804044029150380380404C03991
S3150200531036F4BF41C40080002E0780113A88071078
S315020053201700802804FFBF31040140291500803888
S315020053300401C03936FABF193A88073806DE3F003B
S315020053403A8807283A8811202E0C00293A888F2994
S315020053502E0AC021260700303A8887213AC88D19BD
S31502005360C4FFFF3903008038C4FFFF180500801808
S315020053701EFBBF193A8805203A2800F8C403C0016B
S31502005380360A803926FB3F303A880F403A880D327A
S315020053900300802844004029050080384400C039B3
S315020053A01EFBBF393A8805203A2800F83AB004199C
S315020053B0CC0080101EF33F103A8811383A880B1839
S315020053C03A880F201700C02804FCBF311500C038E8
S315020053D017018028150180381702C0281502C03827
S315020053E01703802804044029150380380404C039B1
S315020053F036F4BF41C40080002E0780113A88071098
S315020054001700802804FFBF310401402915008038A7
S315020054100401C03936FABF193A88113806D93F0055
S31502005420C4008000CC3F40293A8807202E02801112
S315020054303A70842026080010260500303A8805288E
S315020054403A88CD30050080184400C0181EFDBF19E9
S315020054503A8805203A2800F83A920428C403000242
S315020054603A880F203AB084283A9406103AB0C61009
S315020054702E0A80413A88054004FCBF311500C03827
S315020054801501C0381502C0381503C0380404C039E6
S3150200549036F9BF11C40080002E05801104FFBF310A
S315020054A0C40080001500C0380401C03936FBBF11A4
S315020054B03A88073806E03F002608002817018028A8
S315020054C0171300213A8885103A8885103A88051103
S315020054D01700C0101500C028150040113A2800F820
S315020054E0ECFFBF20261400103A8807002CC0BF200C
S315020054F01E0200103A9208200402C0182C00BC209A
S315020055001E0200103A9108200401C0182C00B02097
S315020055101E0300103A8805218400C0183A888910B3
S31502005520160300202C009020260600104400C01806
S315020055303A8805183A2800F83A9408200404C0006C
S3150200554006EA3F000408C0003A8805183A2800F81F
S315020055501700C020CC018018260A00104C008018C3
S315020055603A000510262100108C0080181E25001016
S31502005570BAD0041884004001150080203A88052814
S315020055803A2800F8CCFFBF18261500103A880B00FF
S31502005590CC3F80181E0200103AD206180402402997
S315020055A0CC0380181E0200103AD1061804014029C5
S315020055B0CC0080181E020010BAD0061884004029BA
S315020055C04C0080181E0300107AD00618260A00180E
S315020055D0440040293A8805281500C0203A2800F8D8
S315020055E03AD406180404400106E93F003A880B0043
S315020055F03A8805283A2800F8040840013A8805281E
S315020056003A2800F87AD00418440040011500802098
S3150200561006DA3F00170480201704C0283AC8CF10C4
S315020056201E0C00383A88C5183A8885100405C01041
S31502005630040500213A88CB283A88852004FFBF104A
S3150200564004FF7F29170080111700C0281E03C030EF
S3150200565036FABF203A8805383A2800F83603C030B1
S315020056604400C0013A8805383A2800F8C4FFFF0111
S3150200567006F83F002CFC5F2934303F013A880B299B
S315020056803AC845013AD507103A880D000E04400182
S315020056903A880F283A8807383A8805303A2800F8B7
S315020056A0C404800004FB3F190E0CC010C40780001E
S315020056B03AC807118407800044004001160200110F
S315020056C0440080003A98CA103A880F003A880D289A
S315020056D03A8807383A8805303A2800F834028000BA
S315020056E03AD8CF103A880D003A8805303A880738FA
S315020056F03A2800F81704802004F9FFDE150400DDBD
S315020057003A888510040500253A888510150000DCC4
S315020057103A88A1A0150540DD17FF7F85150140DCFB
S315020057201506C0DF3A8809A83A8823281503C0DC83
S31502005730150280DC004E05203A880B100408800012
S315020057403AC84511150080888402800004FFFF8054
S3150200575016144011C40280003AC849113627C0A067
S315020057603A880D00440580283AD806A93A9884A8B2
S3150200577034FCCF1C3AB0A4113A8805903A880798AF
S315020057801706C0DF170540DD170400DD1703C0DC6E
S31502005790170280DC170140DC170000DC0407C0DEBC
S315020057A03A2800F8360EC0A044FD3F293A880D007B
S315020057B0260F0020040880003AC80B113612C0A03A
S315020057C03A880F003A9804A93AD846313A980831ED
S315020057D034FC8F103AB0A6183AB0243906E63F00D8
S315020057E044FD3F2917FEBF8104FEFF801EF13F20C4
S315020057F034FCCFAC3A88253006DF3F0017FFBF18CE
S315020058003AD80C1106D73F0017FFBF183AD84E11E7
S3150200581006EC3F0004F9FFDE150240DC3A88232835
S315020058203A880BD81506C0DF150500DD1504C0DC65
S31502005830150380DC3A882520406F05203A880988BE
S31502005840040140D93A8827103A882918406F052062
S31502005850170400891704C091170180D93A880B18DA
S315020058603AC80F393A880910170080D87A910E384B
S315020058703A8811203AC885113A88C5113A95061018
S315020058803A8813280E0D80003A88291D3A880BA003
S315020058903A880F483A8809983A880D40406E08209F
S315020058A01706C0DF170500DD1704C0DC170380DC0E
S315020058B0170240DC0407C0DE3A2800F83AC8D328AB
S315020058C006F23F0004FEFFDEC4058000150000DC80
S315020058D01501C0DF3A882120160C0011FA90042027
S315020058E07480C00004C9E6183A88C5101701401230
S315020058F0170000123A8807483A8805401701C0DFA8
S31502005900170000DC0402C0DE3A2800F83A881100CB
S3150200591034FC4F023A8805003409D0003A880B4815
S315020059203A8809403A880F183A880D100032082042
S31502005930C4FF3F843A8811103A8813181EF53F8037
S315020059403A8805403A8807481701C0DF170000DC8D
S315020059500402C0DE3A2800F8C4FF7F29170480300B
S315020059607AD10B28040580313A8885103A884B296A
S315020059703A884B293A8885103A880B293A88873023
S31502005980040140292E05C030170080300401803101
S31502005990150080200401002136FBFF302E03402132
S315020059A0150000200401002136FD7F213A2800F867
S315020059B0170480207AD10728040500210E0DC01095
S315020059C03A8885103A8885103A888D202E188021CB
S315020059D017FFBF3004FFFF301E0400102E14C02034
S315020059E004FFFF181700801826FC3F1044008000B1
S315020059F03A2800F80E0A8018CC0740292608002803
S31502005A003A88C5183A8885103A888D201700C03022
S31502005A103AD844193A9844111EF4BF1806EB3F00CF
S31502005A203A88C5183A8885103A888D2006E73F00DD
S31502005A303A8805003A2800F81713C02004FBFFDE57
S31502005A401503C0DC150280DC1504C0DF3A88252860
S31502005A50150140DC150000DC3A8827200404800189
S31502005A600401400126170018440040013A88859433
S31502005A703A98A22C3A8885103A88C7101700001C5B
S31502005A803A884D8C3A888D313A88099804058031D6
S31502005A9026120080170080801500801815040080E9
S31502005AA0150300803A8805801704C0DF1703C0DC9F
S31502005AB0170280DC170140DC170000DC0405C0DE9B
S31502005AC03A2800F840E706203A8807103A8821006B
S31502005AD0151380981EE43F1006F23F0040E70620A9
S31502005AE026F03F103A882110150180141502401441
S31502005AF006EA3F0004F5FFDE1505C0DC4400C004DB
S31502005B00150200DC3A8821283A880B981509C0DD6F
S31502005B10150880DD150740DD150600DD150480DC5D
S31502005B20150340DC150AC0DF3A8823303A882D383F
S31502005B30170BC0DD80A305203A8825103400A0008B
S31502005B40C4FFBF103A7088883AD52A2034048000F0
S31502005B50C4FFBF103A7086883A0029A83A880B809B
S31502005B601501C0D8040500941E0200A03404C01812
S31502005B701501C0D8262700283A8809D8150040D929
S31502005B80005505203A880D10263500101701C0D899
S31502005B90040880003AC88511170000D93A98861879
S31502005BA03AB006191505C0901701C0D83AD8861919
S31502005BB01501C0D83A000B18840080003AC84B1170
S31502005BC01501C080150440911E1A00A03A88453579
S31502005BD044F3BE10440DC000150080B03AC88719C0
S31502005BE01500C0B83A880590170AC0DF1709C0DD4C
S31502005BF0170880DD170740DD170600DD1705C0DC34
S31502005C00170480DC170340DC170200DC040BC0DE3D
S31502005C103A2800F8040100D900550520040880112D
S31502005C20170180D81504C0943A880B981505809000
S31502005C3026E63FA03A8845293A8885103A8805140F
S31502005C4017FF3F1184F3FE307A9120281500C0B069
S31502005C50004E05203AC8A180150000BC06E13F00AF
S31502005C60170080D8150580901701C0D806D13F00CD
S31502005C7004FBFFDE150000DC3A882128150280DCD1
S31502005C803A880B303A8825203A880980150140DC8B
S31502005C901504C0DF1503C0DC3A88233040610520B5
S31502005CA026420010165000103A882700170140813C
S31502005CB03A88099080A305203A8819101704808231
S31502005CC017048088040580813A8887523A888510AD
S31502005CD03A88C7183A8885100405008A1503C064F5
S31502005CE03A88DB303A8897400405C0613A88130047
S31502005CF0170000311700404104010042CCFFBF20CB
S31502005D00CCFFFF283AC8C5103A8845123AD4082073
S31502005D103AD40A283AD407100D0080383AC84921E5
S31502005D203A88C9208D000039040180310401C03946
S31502005D303AD4132036EEFF422E0C40331700803041
S31502005D4004018031CCFFFF103A88471A3AD4041076
S31502005D503AD409180D00C0383A8805118D008038EA
S31502005D603AD413100401C03936F47F3317FFBF3813
S31502005D7004FFFF381E04001004FFFF1817008018E6
S31502005D80C4FFBF5226FC3F103A88056015048062A4
S31502005D901704C0DF1703C0DC170280DC170140DCE2
S31502005DA0170000DC0405C0DE3A2800F83A8809909C
S31502005DB03A880B0080A305203A8819104400800017
S31502005DC0150480603A880560150500601704C0DF77
S31502005DD01703C0DC170280DC170140DC170000DC69
S31502005DE00405C0DE3A2800F83A880D884400C0044B
S31502005DF03A8823803A88213006AC3F0004F9FFDE58
S31502005E0017048028150000DC7AD121301702C02839
S31502005E1044008010150140DC3A88A380150540DD58
S31502005E20150400DD150280DC1506C0DF3A88252838
S31502005E301503C0DC3A8829303A882B2017014029FD
S31502005E400E03401C3A88C7184400402916FD7F1CE1
S31502005E503A8809A880A305203A882710040540112C
S31502005E600E0900043A8805283A8807004400C0183B
S31502005E7015000010040180101EFCFF803A8805847C
S31502005E803A8885103A888B28170480900405009179
S31502005E90CC0780A13A8885103A8885103A888F20E7
S31502005EA0261E0030040880003AC891113A8807007D
S31502005EB0170080203A9884113AB084181500802879
S31502005EC01700C02004010021040140293AD8061A0D
S31502005ED036F7FF211500C028260100184400408C21
S31502005EE0C4FFBF88150480983A8809A83A880B909F
S31502005EF0804B05203A8805981706C0DF170540DD56
S31502005F00170400DD1703C0DC170280DC170140DC32
S31502005F10170000DC0407C0DE3A2800F817008020CC
S31502005F200401002115008028040140292EECFF21DE
S31502005F301700802004010021150080280401402951
S31502005F4036F6FF2106E63F0004F9FFDE1503C0DC44
S31502005F50150280DC1704C02C17048034150400DDFA
S31502005F60150140DC1506C0DF150540DD150000DC15
S31502005F703A8823283A8829300E04809C3A8827904A
S31502005F801704802C3A8829283A88233017028088F9
S31502005F903A88A19C170140890E0100144400402949
S31502005FA080A305203A882B103A8805843A88851002
S31502005FB0040500A93A889D202E0480233A880520EC
S31502005FC0150000100401801036FDBF133A8885942F
S31502005FD03A88C79C040580A13A8885100405408B3F
S31502005FE03A88C7183A889F303A88D7682E3BC0331A
S31502005FF03A88192017008030CCFF7F1226180048F5
S315020060003A8811683A880F603A8815001700C0402E
S315020060101700403904010042CCFF3F193A380949BA
S315020060203AD40618CCFFBF283A8885503A88892088
S315020060303A38C7483AD40A283AD404200D0000391F
S315020060403A8847193A88C5108D0080383AD4141018
S315020060500401C03936EDFF421500803A1700803040
S315020060603AD4121026190048170080603A8811683F
S315020060703A880F603A8815003A880B1017000041DB
S315020060803AD406280D008038CCFFBF203A3885481E
S315020060903A88C7503AD408203A88C5108D0080380D
S315020060A00401C039170040393A3809493AD4041074
S315020060B0CCFFFF283A88C9203A880511040100421C
S315020060C03AD4141036EDFF421500803804018031AF
S315020060D02E02C0330401006306C63F000E09000407
S315020060E017FFBF7004FFFF702603001006050000AD
S315020060F0170080181E030010C4FF3F8404FFFF1818
S315020061001EFB3F803A8805A8150400AC1706C0DFBF
S31502006110170540DD170400DD1703C0DC170280DC1B
S31502006120170140DC170000DC0407C0DE3A2800F83D
S3150200613004FDFFDE150000DC44000004150180DCCE
S315020061403A8825283A880B801502C0DF80A30520ED
S3150200615015040014150580141702C0DF170180DC30
S31502006160170000DC0403C0DE3A2800F804FAFFDE5A
S31502006170150280DC1704802C150400DD1503C0DC33
S31502006180150000DC1505C0DF3A882138150140DC10
S315020061903A8827283A8829200405002A3A880F00D7
S315020061A0170080404400C039CCFFFF103A388719E7
S315020061B03AD404103A88071C3AD40A183A38851198
S315020061C0CCFFFF183A8845113A9408103AD42010A9
S315020061D03A88C920150000410401004216F0BF3C6E
S315020061E026080080170280980E0F80903A888594C0
S315020061F03A8885103A88C5144400C09015050014E3
S315020062001504C0983A8805981705C0DF170400DD03
S315020062101703C0DC170280DC170140DC170000DC24
S315020062200406C0DE3A2800F8170140993A8809A008
S315020062304400402980A3052017048099040340994D
S31502006240040300113A888D313A888D310402803177
S315020062503A882310002A05203A880B983A8809A022
S31502006260804B05203A88278806E03F0004FAFFDEC5
S31502006270CC008030150400DD1503C0DC150000DCFF
S315020062801505C0DF150280DC150140DC3A88213095
S315020062903A8827203A8829281E2B0010BAD0258052
S315020062A0261B00901712009C1E0800800630000074
S315020062B03A880B803A880D803A880998261400900D
S315020062C017008080261B00103A8821104C0080900F
S315020062D03A0005107AD025903A880D803A880998B6
S315020062E03A880BA01EF23F1080F405203A880BA0D4
S315020062F03A8809983A882310804B05203A882988DB
S315020063003A880B803A880D803A8809981EEC3F90AD
S315020063103A8805A01705C0DF170400DD1703C0DCA5
S31502006320170280DC170140DC170000DC0406C0DE21
S315020063303A2800F880F40520150080803A8821105A
S315020063401500001006E13F003A8885107480C000EF
S31502006350040FE7183A8885103A88C51017FFBF114F
S315020063603A880F00C01606203A88291006CB3F004D
S315020063703A880998449C4001001306201512809819
S315020063803A8821101500001006D03F0004F9FFDEFE
S315020063901503C0DC150280DC3A8827283A882520B6
S315020063A04402400104020039150400DD150140DCF7
S315020063B01506C0DF150540DD150000DC3A882938D0
S315020063C03A88233040FC08204400C0000E3580186D
S315020063D03A880B003A88C7184400402916FDBF18B0
S315020063E03A88099080A305203A881110170780D8A9
S315020063F04400C00044028001150580401504C040D7
S315020064000E2640343A8821303A88AB993A88059C60
S315020064100700C0113A880B403A88099004F4FF3904
S3150200642084028001C0160620440000843A881110B6
S315020064301EF63F8C3A8845AC04FE7F113A880D88D9
S315020064400E0C00353AC885A13A8821283A88A32835
S315020064500700C0813A880B403A88099004F4FF3954
S3150200646084028001C0160620440000843A88111076
S315020064701EF77F843A8805401706C0DF170540DD00
S31502006480170400DD1703C0DC170280DC170140DCAD
S31502006490170000DC0407C0DE3A2800F8840240999F
S315020064A006E73F003A880B0006CD3F0004F4FFDE04
S315020064B0150880DD150480DC150340DC150BC0DFF2
S315020064C0150A00DF1509C0DD150740DD150600DDDA
S315020064D01505C0DC150200DC3A8825283A882330E7
S315020064E03A882D2026C90028406F092004FE3F94D1
S315020064F0C402C08884058000170100822E1BC010CA
S3150200650004FEBF003A708E183A883938161A0038D7
S31502006510361940E404FF3F013A7026411626C09917
S315020065203A882B803A882998040200843A880FA870
S315020065303AC80DA7C403800036C1801117018038FE
S315020065403A8849A54C0080103AB084A015018038DB
S315020065501701C0205400C0181501C0203A8809B09E
S31502006560806F09203A882380060600000404C001D1
S315020065703A8839382EE77FE4040380003A882300FC
S31502006580150080B03A880588170BC0DF170A00DFAE
S315020065901709C0DD170880DD170740DD170600DD85
S315020065A01705C0DC170480DC170340DC170200DC89
S315020065B0040CC0DE3A2800F874808000047BA81020
S315020065C0170240123A88CD843A882B8026B9403287
S315020065D01701403184FFBF003A7084283A8885113A
S315020065E01701C0104C00C0183A00071826A300185D
S315020065F03A7008293A8829990EA3C0A14C00804016
S315020066001E550010170080803AC8AF801701C0B827
S3150200661004FFBF003A708418262E003026B9403295
S315020066203A88A9983A880925150000D9162AC02160
S31502006630170380301702C0300409400104FFBF99D6
S31502006640150380181502C010170300B9170280B887
S315020066503A882BB8040200BC1502802015030011EB
S3150200666036E48029C40480003A8809903A88118069
S315020066702E0F801117008090040400BA04020091C4
S31502006680150280B81701C090C40680001503C0B871
S315020066902E0780111702C090040600BA0404009166
S315020066A01504C0B817038090150580B826E7403157
S315020066B017008020170000DD3A880FB815008040C9
S315020066C01701C0201501C040170280201502804024
S315020066D006973F003A88A998161FC0A11703C0B8AB
S315020066E0170280B804FFBF99040940013A882BB803
S315020066F0150280181503C010040200BC36C3802997
S31502006700C40480003A8809903A8811802E0F8011BD
S3150200671017008090040400BA04020091150280B8A2
S315020067201701C090C40680001503C0B82E07801159
S315020067301702C090040600BA040400911504C0B8FA
S3150200674017038090150580B826C7403117008020B0
S315020067503A880FB806D93F003A880B883A8809B0BA
S31502006760C0A704203A88231026250010170180802E
S3150200677084FFFF0004FE3F893A70C4103A88858080
S315020067802695802004FFBF990409C0013645803949
S31502006790C40480003A8809903A880B882E0F80112B
S315020067A01700809004024089040200911500808837
S315020067B01701C090C40680001501C0882E078011FB
S315020067C01702C09004044089040400911502C0888F
S315020067D017038090150380882691C0311700802008
S315020067E0150080281701C0201501C0281702802035
S315020067F0150280283A880B903A8809B040EF0320A8
S315020068003A8809B0806F0920065E3F003A880B304D
S31502006810170BC0DF170A00DF1709C0DD170880DD76
S31502006820170740DD170600DD1705C0DC170480DCFC
S31502006830170340DC170200DC040CC0DEC1A70420EB
S31502006840170180383A884BE5540000314C0080101D
S315020068503AB0041715018038150100293A888729AC
S3150200686017018018040240293A8809B054008010A2
S315020068701501801840EF032006383F003A880D00C4
S315020068803A880900065D3F001702C03017038030C0
S315020068903A880F80040200841502C010150380187E
S315020068A006233F003A8809883A880B90003405206F
S315020068B006D03F00170180300404C0E03A70081188
S315020068C03A880599164DFF103AC805173A880B877C
S315020068D054008010150180281701C0807480800042
S315020068E0047BA8103A8809B04C00C0183AB0C6E03A
S315020068F0150240111501C080806F092004024084F0
S3150200690006203F003A88A9983A880925040480E0BF
S31502006910150100D91670BF201703C0B8170280B838
S3150200692004FFBF9904094001150280181503C0101F
S31502006930040240BC36418029C40480003A8809908A
S315020069403A880F882E0F8011170080900404C0B970
S3150200695004020091150280B81701C090C406800097
S315020069601503C0B82E0780111702C0900406C0B9DD
S31502006970040400911504C0B817038090150580B869
S315020069802640403117008020150080381701C020AC
S315020069901501C03817028020150280381701C0D8A9
S315020069A03A880BBF3A8809B03AC8051F54008010CE
S315020069B0150180281701C0B874808000047BA810D6
S315020069C0150240114C00C0183AB0C6E01501C0B815
S315020069D0806F092006EB3E001701802004FFFF00AE
S315020069E03A880F803A70C4103A88A9980402008443
S315020069F006CF3E003A880B903A880980003405207B
S31502006A00170000DD3A880FB806C93E003A880B9097
S31502006A103A880980003405203A880FB806C43E0039
S31502006A201704C09004064089040600911504C08824
S31502006A30170580901505808806683F003A880B90F6
S31502006A403A8809880034052006D43F001704C0900E
S31502006A5004060091040800BA1506C0B8170580900E
S31502006A60150780B806123F001704C090040600916D
S31502006A70040800BA1506C0B817058090150780B835
S31502006A8006323F001704C090040600910408C0B9FC
S31502006A901506C0B817058090150780B806B93F00DD
S31502006AA03A880D203AC809013AB08821FAD7082057
S31502006AB03400A000C4FFBF103A7044113AB08820D7
S31502006AC034FC9F003AC805113AC887003AB0C41090
S31502006AD0FAD704104400C0003AC885183A2800F8CC
S31502006AE03A880D203AC809013AB08821FAD7082017
S31502006AF03400A000C4FFBF103A7044113AB0882097
S31502006B0034FC9F003AC80511FAD704103A2800F857
S31502006B1004FDFFDE150000DC74800004048929846C
S31502006B20150140DC150000803A8823203A8809289E
S31502006B301502C0DF006C09203A880710C4FFBF00A7
S31502006B40260680183A8805181702C0DF170140DCAE
S31502006B50170000DC0403C0DE3A2800F81700808024
S31502006B6026F83F10150080883A8805181702C0DFFC
S31502006B70170140DC170000DC0403C0DE3A2800F8E7
S31502006B808F03402981F2062004FEFFDE150000DC99
S31502006B903A8821288F0340291501C0DF001A0720F1
S31502006BA03A880710C4FFBF00260980180B038080AD
S31502006BB01514C080140084100D0380803A880518CD
S31502006BC01701C0DF170000DC0402C0DE3A2800F815
S31502006BD00B038080CCFFBB100D0380803A8805181A
S31502006BE01701C0DF170000DC0402C0DE3A2800F8F5
S31502006BF00B03802804FBFFDE1503C0DC0C4080106B
S31502006C00150280DC150140DC150000DC3A882730CD
S31502006C103A8825381504C0DF3A8821283A880D00BB
S31502006C208400C0013A882320260200108F034029DF
S31502006C30001A07200B0380808F0340813A88098857
S31502006C40CCFFBB103A880D983A880F900D038080CE
S31502006C501704C0DF1703C0DC170280DC170140DC13
S31502006C60170000DC0405C0DEC1DF062004FEFFDEDD
S31502006C70150000DC3A8821288F0340291501C0DF60
S31502006C80802107203A880710160800101714808002
S31502006C903A88C510151480803A8805181701C0DF96
S31502006CA0170000DC0402C0DE3A2800F80B038080DD
S31502006CB0CCFFBB100D0380803A8805181701C0DF90
S31502006CC0170000DC0402C0DE3A2800F83AB044217C
S31502006CD0CC0080101E1D00103A880F201700802855
S31502006CE0170000213A880D281E168020F4BF3F02A5
S31502006CF0C4BF3F423A8807227420600104206029FB
S31502006D003A7046193A3004013A70C4101E1C00103B
S31502006D103A8813403A881128060100001E18001806
S31502006D200401C039170000390401803117004031CF
S31502006D303A8845223A7004123A3006013A708618A9
S31502006D4026F67F213A8809383A880B300700C02098
S31502006D501E05001806060000440000210700C02098
S31502006D6044004029260200180700802826FABF1888
S31502006D700300C020030080283AC885183A2800F884
S31502006D803A8805003A2800F8CC0080203A8811207B
S31502006D901E1600101700C020F4BF7F01C4BF7F2952
S31502006DA07420E0010420E0393A8845193A70C4118A
S31502006DB03A30C6003A7086181E0C00183A880D281A
S31502006DC03A880B3804010021170080203A8887117F
S31502006DD03A7046193A3084003A70C41026F93F10C8
S31502006DE007008020260300104400002107008020AF
S31502006DF01EFD3F103AC805223A2800F804FDFFDEC0
S31502006E00150000DC7480000404892984150140DC25
S31502006E10150000803A8823203A8809283A880B30E0
S31502006E203A880D381502C0DF80A809203A88071073
S31502006E30C4FFBF00260680183A8805181702C0DF6D
S31502006E40170140DC170000DC0403C0DE3A2800F814
S31502006E501700808026F83F10150080883A880518AA
S31502006E601702C0DF170140DC170000DC0403C0DE96
S31502006E703A2800F83A388B2904FEFFDE150000DCBA
S31502006E801501C0DFC0A704203A8821100409C001F9
S31502006E90260D001017FFFF103A88091004FFBF00E5
S31502006EA03A7086183A8887183A880D183A880B007D
S31502006EB03617C038C40480003608C01015020020F8
S31502006EC015000020150100203A8805801701C0DF51
S31502006ED0170000DC0402C0DE3A2800F8C40680006F
S31502006EE01500008015010080040200812EF3FF10B8
S31502006EF01502008015030080040400811EEFFF19AD
S31502006F0004060081150400801505008006EB3F008B
S31502006F10004205203A8805801701C0DF170000DC11
S31502006F200402C0DE3A2800F804FDFFDE150000DC8C
S31502006F307480000404892984150140DC1500008050
S31502006F403A8823203A8809281502C0DFC06F092033
S31502006F503A880710C4FFBF00260680183A8805182B
S31502006F601702C0DF170140DC170000DC0403C0DE95
S31502006F703A2800F81700808026F83F10150080880E
S31502006F803A8805181702C0DF170140DC170000DC3B
S31502006F900403C0DE3A2800F804FCFFDE150140DCDB
S31502006FA0150000DC1503C0DF150280DC3A882128B3
S31502006FB03A8823202629002800B6032026020088C4
S31502006FC0170E8088262D00100F03808026220010BF
S31502006FD03A8809883A880B80808D03203A882510E2
S31502006FE0170B808026040010170740813A8809880B
S31502006FF03AE83E10162A00100B0380800C208010FF
S315020070001E230010170C40812605002804108080DC
S31502007010260280283A88098840EF0320150C008052
S3150200702017114081260300283A88098840EF032079
S31502007030151100800D03008040B603203A880590A2
S315020070401703C0DF170280DC170140DC170000DCE3
S315020070500404C0DE3A2800F840B603203A88250028
S315020070603A8805901703C0DF170280DC170140DC5F
S31502007070170000DC0404C0DE3A2800F83A880988C2
S3150200708000B703200F0380801ED13F1006F23F0097
S31502007090170440813A88098840EF032006D93F0049
S315020070A0C4FFBF0406D43F0074808000047DA9108B
S315020070B03A880B201700001181F9062004FDFFDE35
S315020070C0150000DC7480000404892984150140DC63
S315020070D0150000803A8823203A8809283A880B301E
S315020070E01502C0DF807509203A880710C4FFBF0069
S315020070F0260680183A8805181702C0DF170140DCF9
S31502007100170000DC0403C0DE3A2800F8170080806E
S3150200711026F83F10150080883A8805181702C0DF46
S31502007120170140DC170000DC0403C0DE3A2800F831
S3150200713004FDFFDE150000DC748000040489298446
S31502007140150140DC150000803A8823203A88092878
S315020071501502C0DF007709203A880710C4FFBF0076
S31502007160260680183A8805181702C0DF170140DC88
S31502007170170000DC0403C0DE3A2800F817008080FE
S3150200718026F83F10150080883A8805181702C0DFD6
S31502007190170140DC170000DC0403C0DE3A2800F8C1
S315020071A004FDFFDE150000DC7480000404892984D6
S315020071B0150140DC150000803A8823203A88092808
S315020071C03A880B303A880D381502C0DF80780920DC
S315020071D03A880710C4FFBF00260680183A880518A9
S315020071E01702C0DF170140DC170000DC0403C0DE13
S315020071F03A2800F81700808026F83F10150080888C
S315020072003A8805181702C0DF170140DC170000DCB8
S315020072100403C0DE3A2800F804FDFFDE150000DC98
S315020072207480000404892984150140DC150000805D
S315020072303A8823203A8809283A880B303A880D384A
S315020072401502C0DF00A309203A880710C4FFBF0059
S31502007250260680183A8805181702C0DF170140DC97
S31502007260170000DC0403C0DE3A2800F8170080800D
S3150200727026F83F10150080883A8805181702C0DFE5
S31502007280170140DC170000DC0403C0DE3A2800F8D0
S3150200729004F0FFDE3A8805203A881130150E00DF29
S315020072A0150A00DD150600DC150FC0DF150DC0DD61
S315020072B0150C80DD150B40DD1509C0DC150880DCD8
S315020072C0150740DC3A8821403A8839103A8829283D
S315020072D01E3B0038365C002A26A60040D4FFBF00BB
S315020072E0369E0014C43F8000363D01143A880B00D6
S315020072F03A8805003AD88480748000010417272151
S31502007300040880013A8805110300C0103A88C7288C
S315020073103AC8ED301EEE00B03AD42A80440080000E
S315020073203AC823A4CCFFFF85150380D83A8809887A
S315020073303A880BA8400809203A8809883A880BA897
S315020073403A882D10C00809203A9404103AD406E06F
S315020073503A38A3BD3AB0C4102E0440143A88051434
S31502007360C4FFBFB536010014363D41143AC8631452
S315020073703A8809883A880BA8400809203A88098879
S315020073803A880BA83A882910C00809203A940410B2
S315020073903A3809BDCCFFFFE03AB0C4102E04001102
S315020073A03A888580C4FF3FA53601001436200111B4
S315020073B03A9404B0170300D93AB084A00615000027
S315020073C03A880D383662C029D4FFBF00365AC0113A
S315020073D0C43F800036FCC0113A880B003A8805008B
S315020073E03AD8843074800001041727210408C001AA
S315020073F03A8805110300C0103A88C7283AC8EF3800
S315020074001E6900B836010035365100E4440080009A
S315020074103A8809003A880720170FC0DF170E00DFE7
S31502007420170DC0DD170C80DD170B40DD170A00DDD6
S315020074301709C0DC170880DC170740DC170600DCDA
S315020074400410C0DE3A2800F8D4FFBF0036500012FE
S31502007450C43F800036E800123A880B003A880500DD
S315020074603AD8848074800001041727210408800119
S315020074703A8805110300C0103A88C7283AC8CB30AB
S31502007480260600283AC845313AD884E03A9846A1F9
S315020074903A9878E13A9860813AB0A8183AD42A80A4
S315020074A03A8809A0CCFFFF853A880BA84008092034
S315020074B03A8809A03A880BA83A882D10C0080920F4
S315020074C03A9404103AD406E03A38A3BD3AB0C4104E
S315020074D02E0440143A880514C4FFBFB536010014C1
S315020074E036D540143AC863143A8809883A880BA8F4
S315020074F0400809203A8809883A880BA83A88291050
S31502007500C00809203A9404103A3809BDCCFFFFE0BE
S315020075103AB0C4102E0400113A888580C4FF3FA5F4
S315020075203601001436C700113A9404B03A880900AD
S315020075303AB084A006B73F0034408000C4FFBF10B3
S3150200754036A4C011040440013A88052806A43F0067
S315020075503A8805003A88090006AE3F0034408000AA
S31502007560C4FFBF1036A10014040440013A8805285E
S3150200757006603F00440000013A880B0040080920DB
S315020075803A882110D4FFBF0036F43F1406553F0057
S3150200759034408000C4FFBF10369A00120404400132
S315020075A03A88052806AE3F003AC8C53D3A98C8351E
S315020075B03AD886803AD8A2A03AD884E03AB0EA20ED
S315020075C03AD42CA83A98C6A53A8809883A880BB0C4
S315020075D03AB086181502C0D8400809203A880988A8
S315020075E03A880BB03A882910C0080920CCFFFFA8B8
S315020075F01505C0D8170200D9170540D93A940410C8
S315020076003AD406203A98E0853A38232D3AB0C41087
S31502007610150000DC2E0340143A884515C4FF3FA529
S315020076202E7F40153AC863143A8809883A880BB007
S31502007630400809203A8809883A880BB03A8821100E
S31502007640C00809201705C0D8170200D93A940410B9
S315020076503A380F1CCCFFFF203AB0E2102E03C08945
S315020076603A88638DC4FF3F842E69408D3A9408A000
S31502007670170040D93AC8E3893AB010813AD40C28A7
S31502007680CCFFFF28CCFFBF403AD40A403A38D31089
S315020076903A3885113A38C7283AD408483A388B29F5
S315020076A03A88C5103A8889202E02C02074008000CC
S315020076B03A888B283AD404203A888B28363F408968
S315020076C0263940893A8805403A88090006513F0022
S315020076D03A98A0853AC885353AD8A2A03AD42A80E3
S315020076E03AD884E03A9886A53A8809883A880BA857
S315020076F03AB086181501C0D8400809203A88098888
S315020077003A880BA8150480D8C0080920170100D9A9
S31502007710170440D93A940410CCFFFF853AD40620C8
S315020077203A3863B93AB0C4102E044014C4FF7F2914
S315020077303A880514150440D92E4400143AC8631435
S315020077403A8809883A880BA8400809203A880988A5
S315020077503A880BA83A882910C0080920170140D98F
S315020077603A9404103A3809BDCCFFFF283AB0C61045
S315020077702E0600193A88071CC4FF3FA53603001CD3
S315020077802E020019C4FF3FA53A88071C170440D9E8
S315020077903A98B8E53AC823193A9404283AB0A8A008
S315020077A0150300DD06E13E003A9404203A98C8E546
S315020077B0CCFFFF483A88C5102EC2BF20C4FFBF4087
S315020077C03A88090006133F00040240013A88052858
S315020077D006033F00040640013A88052806003F00DA
S315020077E0040240013A88052806C23E00040640010A
S315020077F03A88052806BF3E00040240013A88052859
S3150200780006173F00040640013A88052806143F0081
S315020078102E96FF893A88638DC4FF3F8406933F0004
S315020078202E807F14C4FF3FA53A884515067D3F008A
S31502007830C4FF3FA506DE3E00C4FFBFB53A88051465
S3150200784006283F00C4FF3FA506373F002EBB7F1424
S31502007850C4FF7F293A880514150440D906B73F00AC
S31502007860C4FFBFB53A88051406C03E0004F1FFDE28
S31502007870150B80DD150900DD150500DC150EC0DFD0
S31502007880150D00DF150CC0DD150A40DD1508C0DC3C
S31502007890150780DC150640DC3A8821303A882D200F
S315020078A03A8829281E2B003836508029268A00302D
S315020078B0D4FFBF0036820014C43F8000363601145E
S315020078C03A880B003A8805003AD884807480000111
S315020078D004172721040880013A8805110300C01005
S315020078E03A88C7283AC8EF301E9400B83AD42A809C
S315020078F03AC823A43A883900CCFF3F853A880988DA
S315020079003A880BA8400809203A8809883A880BA8C1
S315020079103A38A3A0C00809203A9404103AD406B013
S315020079203AB0C4102E0340143A88051436010014E6
S31502007930363541143AC863143A8809883A880BA83E
S31502007940400809203A8809883A38A3A03A880BA841
S31502007950064D00003A880D382E10C0293A881120AB
S315020079603A8813283A8805403A880748170EC0DF36
S31502007970170D00DF170CC0DD170B80DD170A40DD7F
S31502007980170900DD1708C0DC170780DC170640DC84
S31502007990170500DC040FC0DE3A2800F8D4FFBF004A
S315020079A0365AC011C43F800036FEC0113A880B0019
S315020079B03A8805003AD884307480000104172721DA
S315020079C00408C0013A8805110300C0103A88C72886
S315020079D03AC8EB381E8500A8365200352E5100B43F
S315020079E03A8811B03A8813A006DE3F00D4FFBF00E2
S315020079F036408011C43F800036ED80113A880B0074
S31502007A003A8805003AD88480748000010417272139
S31502007A10040880013A8805110300C0103A88C72875
S31502007A203AC8C7301EBF00183A8839003AD42A80AD
S31502007A303A8809A0CCFFFF853A880BA8400809209E
S31502007A403A8809A03A880BA83A38A3B8C008092090
S31502007A503A9404103AD406B03AB0C4102E03401435
S31502007A603A8805143601001436E540143AC8631400
S31502007A703A8809883A880BA8400809203A88098872
S31502007A803A38A3B83A880BA8C00809203A940410D9
S31502007A90CCFFFFB03AB0C4102E0440143A88051445
S31502007AA0360200142E0140143A8805143AC84514C9
S31502007AB03AD824173A8813003A88119006A93F004B
S31502007AC034408000C4FFBF1036B0001404044001E5
S31502007AD03A880528067C3F00440000013A880B00DC
S31502007AE0400809203A882110D4FFBF0036F43F141B
S31502007AF006713F0034408000C4FFBF1036AF8011CC
S31502007B00040440013A88052806BE3F00344080003E
S31502007B10C4FFBF1036ACC011040440013A880528E0
S31502007B2006A43F003AC809B43A8005B13AC887A10B
S31502007B303AC8A9183A882D2006A93F003A98E08546
S31502007B403AC8C5353AD8A2A03AD42A803AD884B0DF
S31502007B503A98C6A53A8809883A880BA83AB0861890
S31502007B601501C0D8CCFF3F85400809203A8809880C
S31502007B703A880BA83A38A3A0C0080920170100D9F1
S31502007B803A9404103A8839B83AD406203AB0C41066
S31502007B902E0240143A8805142E9600143AC863142D
S31502007BA03A8809883A880BA8400809203A88098841
S31502007BB03A880BA83A38A3A0C0080920170140D971
S31502007BC03A940410CCFFFF283AB0C4102E04401495
S31502007BD03A880514360200142E0140143A88051418
S31502007BE03A98ECB53AC8631406443F003AC84F3D8A
S31502007BF03A9846353AD8C4813AD8E2A13A984CA581
S31502007C003AB0AE183AD428B83AD8C4B13A880988F4
S31502007C103A880BA03AB08C301503C0D9150280D928
S31502007C20400809203A8809883A880BA03A88391010
S31502007C30C0080920CCFFFFB81504C0D8170200D926
S31502007C40170440D93A9404103AD406203A9860852B
S31502007C503A38232F3AB0C410150000DC3A986CB5B6
S31502007C602E0340143A88C515C4FF3FE72E5DC015A2
S31502007C703AC863143A8809883A880BA04008092052
S31502007C803A8809883A880BA03A882110C008092048
S31502007C901704C0D8170200D93A9404103A38231CA4
S31502007CA0CCFFFF203AB0CE102E03403C3A88CF3D9F
S31502007CB0C4FF3F842E47C03D3A9404E0170040D9E2
S31502007CC03AC84F3C3AB08480CCFFFF283AD40C28FD
S31502007CD03AD40A10CCFFBF103A38D1103A38C72826
S31502007CE03A3885113AD408403A388B293A88C51071
S31502007CF03A8889202E02C020740080003A888B2898
S31502007D003AD404203A940820CCFFFF403A888B28C4
S31502007D103A88C920360B4039263D40393AC84B3994
S31502007D20060F00003AC8C5303A8839183AD884B0E6
S31502007D303A98C6A03A9820873A982CB73AB0A8182B
S31502007D40063A3F001700C0D83AC8C5203A808920B3
S31502007D503AC8C72D3AC807193AC8CB383A88091023
S31502007D603AC805B13A8087B03AC8C728170340D93E
S31502007D703AD844153A9848193AD8461D3AB0A4203A
S31502007D803A8811903A88131806F63E000406400116
S31502007D903A88052806CC3E00040240013A880528A6
S31502007DA006C93E00040240013A88052806013F0042
S31502007DB0040240013A88052806123F0004064001E3
S31502007DC03A880528060F3F00040640013A8805282E
S31502007DD006F83E002EB87F3CC4FF3F843A88CF3D6A
S31502007DE006B53F002EA27F14C4FF3FE73A88C515A9
S31502007DF0069F3F002E697F143A88051406673F00E6
S31502007E003A88051406193F003A88051406C93E0049
S31502007E1036CC3FB13A880B0006D13F0004F8FFDEAC
S31502007E201503C0DC3A882720170000214400C00051
S31502007E30150540DD150400DD1507C0DD150680DDDC
S31502007E40150280DC150140DC150000DC3A882B287F
S31502007E503A8829302E630019170080282E8180184F
S31502007E600401C00026DCC020267EC0108400C000AB
S31502007E702667C010267BC0201702C09D1702C028A5
S31502007E801703409C1703C02B3AC8CDB81704809C31
S31502007E901704002C3A88093016970030C40F800068
S31502007EA0166B80110EA4000104F8BF3516BC00B093
S31502007EB03AD896853A8819003A8813004400000198
S31502007EC03A88150016BE00B03A9890253A880F00F7
S31502007ED0C4FFBF003A8889383A888B403A80CD2160
S31502007EE03A884B313A7004793A7046813AB0C410F6
S31502007EF026020010440040023A8815003AB05E5A43
S31502007F003AB0A06217014099170180A8266E802810
S31502007F10266600283AC8457C3A8089783AC887841A
S31502007F203AC809193A880D103A880F201677003890
S31502007F301502C0A51504C0A1150100A0150380A154
S31502007F40170300A2170440A2C4FFBF003A888B4061
S31502007F503A80092A3A888D483400C401C4FFFF39A1
S31502007F603A888D21361780392665C031170200A35B
S31502007F703A880942C4FFBF003A800F223A884B4A28
S31502007F803A884F393A8895203A8897383A800D517F
S31502007F903A8899603A88D73234008400C4FFBF1009
S31502007FA03A8811203A881338150300A11504C0A196
S31502007FB0150200A33603C0121EEDBF5884FFBF0090
S31502007FC02EEBBF12170480A2C40080003400C80042
S31502007FD0C4FFFF18170340A2150080A03623801A9B
S31502007FE03A8827A03A8805981707C0DD170680DD6C
S31502007FF0170540DD170400DD1703C0DC170280DC1D
S31502008000170140DC170000DC0408C0DE3A2800F83D
S315020080101EF4FF20150000311701809815018030EB
S315020080201702C0981502C0301703809815038030D6
S315020080301704C0981504C030170180981701C0288C
S315020080403A8827303A70C4101501803006E53F00A1
S315020080501626C01D3A8823003A882F183A8825002A
S3150200806006A83F003A8827A806DE3F0044008001A2
S31502008070FA9704507AD008483AD88A51170200A2D1
S315020080803AB008113A8807003A7084493AB08C200F
S315020080903AB0CE28440000423A8827A01504C0A16F
S315020080A0150200A2150380A106CE3F003AC8C58B71
S315020080B03A8089883AC807943AC809193A880D104D
S315020080C03A880F2006993F003A88457C3A80C913C0
S315020080D03A8887843A88C920150140A11502C0A5AD
S315020080E0150380A0150400A106B63F003A881F00BA
S315020080F03A88210006833F003AC88D0106673F0091
S3150200810084FFBF0036AF7F1106983F003A8805000C
S315020081103AC889113A8005113AC8CB013AC885286E
S3150200812044008001150180A11502C0A5150300A116
S31502008130150480A006823F0026723F2004F8BF3550
S315020081403A88AFB9163100B03AD89A953A881D00E6
S315020081503A880F00440000013A881100162500B043
S315020081603A9894253A881300C4FFBF003A88894892
S315020081703A888B503A804D223A884B313A700489BC
S315020081803A7046913AB0C410260200104400C0016B
S315020081903A8811003AB0E2693AB0247206593F00B1
S315020081A03A880784C40780003AC885113A98861827
S315020081B03AD896793AD898813AB0D61A063E3F000E
S315020081C07AD00620C40780003AC885113AD890189A
S315020081D03A988E21063E3F001E823F111701C028A3
S315020081E017018098267FFF107480C0040412E79C52
S315020081F0067C3F007AD00620C40780003AC8851163
S315020082003AD894183A98922106D73F003A8887942A
S31502008210C40780003AC885113A9886183AD89A89CE
S315020082203AD89C913AB05A1B06C93F0004EAFFDECF
S315020082301514C0DC0404C0DC3A8811203A881328DD
S31502008240151340DC3A8809D83A880B98040940DCB1
S315020082501515C0DF150140DA1503C0D9150000DA7D
S31502008260150280D9004C0920040200D93A880B88ED
S31502008270004C0920170A80D83A880B883A88099850
S31502008280040E80D95C008010150A80D8C0E1072050
S315020082903A880910C01A09201715C0DF1714C0DC66
S315020082A0171340DC0416C0DE3A2800F804EAFFDEA3
S315020082B01514C0DC0404C0DC3A8811203A8813285D
S315020082C0151340DC3A8809D83A880B98040940DC31
S315020082D01515C0DF150140DA1503C0D9150000DAFD
S315020082E0150280D9004C0920040200D93A880B886D
S315020082F0004C0920040E80D93A8809983A880B88DE
S31502008300C0E107203A880910C01A09201715C0DFF4
S315020083101714C0DC171340DC0416C0DE3A2800F836
S3150200832004E0FFDE151840DC040440DC3A88112024
S315020083303A881328151700DC3A8809D83A880B8838
S31502008340040900DC151FC0DF150140DA1503C0D988
S31502008350150000DA150280D9151EC0DD151D80DD57
S31502008360151C40DD151B00DD151AC0DC151980DC55
S31502008370004C0920040200D93A880B80004C0920DF
S31502008380170400D9440080002E1000111709C0D826
S315020083902E06C01004018000260A802026CC8018F2
S315020083A084008000260980201E198018170AC0D86A
S315020083B0170580D83A8809803AC0C410150A80D8B1
S315020083C0060700008400800026C38018170580D89F
S315020083D0170AC0D83A8809883AC0C410150580D849
S315020083E0C01A0920171FC0DF171EC0DD171D80DD4A
S315020083F0171C40DD171B00DD171AC0DC171980DCBD
S31502008400171840DC171700DC0420C0DE3A2800F8F3
S31502008410170780DD170C80DC3A882B003A88230088
S315020084203A880BA83A880DB03A880F881708C0DD3B
S31502008430170DC0DC3A880990400909203A881B00CA
S315020084403A880F683A8809B03A880B003A880D983C
S315020084503A882DB83A882F00151640DB151380D8B6
S315020084601514C0D81515C0DC400909203A880DB08C
S315020084703A880B003A8809903A880FB83A88211050
S315020084803A882318400909203A8885803A800D14D3
S315020084903A88C7883A88CD303A8829103A882B30EC
S315020084A0171380DA1714C0DA171500DB171640DB2C
S315020084B02E6140343A8809003A8805513A808D1275
S315020084C03A88075D3A88CD303A8821004400400454
S315020084D03A8825103A8827303662C032267A805981
S315020084E03A880B683A880FB83A8809603A880DB01C
S315020084F0400909203A8809103A880F003A8845153A
S315020085003A8011113A88C7193A88C7403A88CB8807
S315020085101706C0D83A888980170B80D80401C0187C
S315020085203A800D243A88C7103A881320170A80D851
S31502008530170500D93A884D313A8815303AC0882055
S3150200854034008800C4FFBF10150F00D91510C0D81B
S315020085502E1680113A8811183A881F10FA97049835
S315020085607AD01690FA9706507AD00C487AD00E50E6
S315020085703AB0D612440080003AB08C193A70884854
S315020085807AD018983A881B003400A0033A88133030
S315020085903A8815383A889140260200203AB0645B40
S315020085A03AB0A66336EDBF7A151000DA34008400BD
S315020085B0C4FFBF1036148012171000DA3A881F1053
S315020085C03A88454A3A804D123A8887523A889794B1
S315020085D03A808F5C3A88D99C440000013A88CD30B3
S315020085E03A880F3BC4FF3F423A8813103A88153047
S315020085F03AB01A11163000983A8825583A88273820
S315020086002EEFBF7A151000DAC43F80003A708E480A
S31502008610042080003A8807003A881100261880381C
S31502008620C4008000040E00D9151280DA150E80D817
S31502008630151140DA066A3F00262180893A88090028
S315020086403A8805513A808D123A88075D3A88CD30CC
S315020086503A8821003A8823003A8825103A8827303A
S315020086602E9EFF32440080003A8889803A800D248B
S315020086703A884D343A8821203A88233006983F00BA
S315020086801EE73F40044000013A7004493AB0C41064
S315020086901EE33F103AB0C49426E13F103A88C5491A
S315020086A03A8051123A88914204C03F013A7012113F
S315020086B03A88154006DA3F003A88136806CE3F002C
S315020086C0367C3F1406DD3F002E85BF1206E53F00CD
S315020086D0840080001E35BF20748000010412272109
S315020086E0063F3F0004EDFFDE1511C0DC0404C0DCCA
S315020086F03A8811203A881328150E00DC3A8809D8E0
S315020087003A880B98040900DC1512C0DF150140DA1D
S315020087101503C0D9150000DA150280D9151080DCC0
S31502008720150F40DC004C0920040200D93A880B8060
S31502008730004C0920170400D9440080002E0B0011BA
S31502008740170940D92E764011170580D8170AC0D8C6
S31502008750040180013AF0C410150580D82602802152
S31502008760840080001E148020260900293A88099870
S31502008770C01A09201712C0DF1711C0DC171080DCDF
S31502008780170F40DC170E00DC0413C0DE3A2800F88F
S315020087907480000104122721C01A09201712C0DFB3
S315020087A01711C0DC171080DC170F40DC170E00DC37
S315020087B00413C0DE3A2800F8265B8029262D80287D
S315020087C01706C0D8170B80D81708C0D9170D40DC7A
S315020087D03AC88B18170780D9170C00DC150640D942
S315020087E03638403C2636C0893A8815003A881D003C
S315020087F03400C4023A881F003A883F00440F8004BE
S31502008800060F00003A881D603A881F683A880D40B4
S315020088103A880F103A8891317AD008583A808541C1
S315020088203A88D3393AB0C6283A8845123A88151892
S315020088303A8817203A880D403A880F10261780FC8E
S31502008840FA970A587AD006504400C0FF36F17F3CA8
S315020088503AC811343A8005323AC8533C3AB0987253
S315020088603AB0DA7A3AC885481EE6FF8936E93F34D5
S3150200887006E43F003A880998150480D9C01A0920EF
S315020088801712C0DF1711C0DC171080DC170F40DC8F
S31502008890170E00DC0413C0DE3A2800F8C43F80003D
S315020088A03A709070042080003A8807003A881300D4
S315020088B0260D80401508C0DB150780DB06AB3F009E
S315020088C02EC93F343A8885313A8089113A88C739A8
S315020088D03A88C920C4FF7F293A880D103A880F20AA
S315020088E0150640D906C03F001EF23F48044000016B
S315020088F03A7004713AB0C4101EEE3F103AB0C43159
S3150200890026EC3F103A8805723A8091133A88D14391
S3150200891004C03F013A701C113A881F4006E53F0029
S315020089203A88098006923F003A880998150700D8C6
S31502008930150800D8150600D8068D3F0004EFFFDEA5
S31502008940150F40DC040440DC3A8805203A880728E3
S31502008950150E00DC3A8809D83A880B88040900DC2F
S315020089601501C0D8150080D8150280D91510C0DFB0
S315020089701503C0D9004C0920040200D93A880B809D
S31502008980004C0920170480D84400C0003A880D180C
S315020089902E068018170980D83A8809883A880B80EB
S315020089A02E028018805F09203A880D103A88053019
S315020089B01710C0DF170F40DC170E00DC0411C0DEF3
S315020089C03A2800F804EFFFDE150F40DC040440DC11
S315020089D03A8805203A880728150E00DC3A8809D815
S315020089E03A880B88040900DC1501C0D8150080D826
S315020089F0150280D91510C0DF1503C0D9004C092015
S31502008A00040200D93A880B80004C0920170480D84A
S31502008A104400C0003A880D182E068018170980D81F
S31502008A203A8809883A880B802E028018805F0920CE
S31502008A303A880D103A8805301710C0DF170F40DC50
S31502008A40170E00DC0411C0DE3A2800F804EFFFDE40
S31502008A50150F40DC040440DC3A8805203A880728D2
S31502008A60150E00DC3A8809D83A880B88040900DC1E
S31502008A701501C0D8150080D8150280D91510C0DF9F
S31502008A801503C0D9004C0920040200D93A880B808C
S31502008A90004C0920170480D84400C000C4FFBF015F
S31502008AA02E068018170980D83A8809883A880B80DA
S31502008AB02E028018805F09203A880D103A88053008
S31502008AC01710C0DF170F40DC170E00DC0411C0DEE2
S31502008AD03A2800F804EFFFDE150F40DC040440DC00
S31502008AE03A8805203A880728150E00DC3A8809D804
S31502008AF03A880B88040900DC1501C0D8150080D815
S31502008B00150280D91510C0DF1503C0D9004C092003
S31502008B10040200D93A880B80004C0920170480D839
S31502008B204400C000C4FFBF012E068018170980D872
S31502008B303A8809883A880B802E028018805F0920BD
S31502008B403A880D103A8805301710C0DF170F40DC3F
S31502008B50170E00DC0411C0DE3A2800F804EFFFDE2F
S31502008B60150F40DC040440DC3A8805203A880728C1
S31502008B70150E00DC3A8809D83A880B88040900DC0D
S31502008B801501C0D8150080D8150280D91510C0DF8E
S31502008B901503C0D9004C0920040200D93A880B807B
S31502008BA0004C0920170480D84400C0003A880D18EA
S31502008BB02E068018170980D83A8809883A880B80C9
S31502008BC02E028018805F09203A880D103A880530F7
S31502008BD01710C0DF170F40DC170E00DC0411C0DED1
S31502008BE03A2800F8FAD7062004F6FFDEC400800011
S31502008BF01509C0DF1508C0DC150780DC150640DC48
S31502008C00150500DC150080D81501C0D81E0F0020FE
S31502008C1084008000150080D83A8809D8C01A092035
S31502008C203A8809103A880B183A8805203A880728A4
S31502008C301709C0DF1708C0DC170780DC170640DCFF
S31502008C40170500DC040AC0DE3A2800F8040F80008B
S31502008C503A000718150280D8261100183A8827000C
S31502008C603A882520150300D91504C0DCC012092054
S31502008C70440700110EE83F0144FFBF10160C001016
S31502008C803A98A2903A882100170280D8150440DC4F
S31502008C90150300DC3AC80511150280D806DE3F002E
S31502008CA03400A000260A80203AC8090106EB3F00DC
S31502008CB07AD00690C40780003AC805113AD88618B9
S31502008CC03A9822993A9820913AB0621C06EE3F00F1
S31502008CD03A8809003478700106D33F0004F8FFDEB3
S31502008CE03A8805203A8807283A8809D8040240D9E2
S31502008CF01501C0D8150080D81507C0DF004C092021
S31502008D001702C0D8840080001E0580183A88070022
S31502008D103A8805181707C0DF0408C0DE3A2800F8AB
S31502008D20440080002EF9FF100401800026048018FA
S31502008D301704C0D816F53F18840780000E08C01025
S31502008D40170380D81E1200103400E000C4FFFF187B
S31502008D503A8805181707C0DF0408C0DE3A2800F86B
S31502008D60040F80003AC8D11004F8BF40170580D915
S31502008D701706C0D9160800103AD88838170380D8C3
S31502008D803A88072026E23F103AC8070106E03F006C
S31502008D903400E00006DE3F003A88C739C407800087
S31502008DA03AC805123A9886183AD808323AB00819DB
S31502008DB006F23F0004F2FFDE150DC0DF150CC0DD22
S31502008DC0150B80DD150A40DD150900DD1508C0DC2E
S31502008DD0150780DC150640DC150500DC150100D8F8
S31502008DE01E0F002084008000150080D83A8809D81A
S31502008DF0C01A0920170DC0DF170CC0DD170B80DD66
S31502008E00170A40DD170900DD1708C0DC170780DCEA
S31502008E10170640DC170500DC040EC0DE3A2800F80F
S31502008E20C4008000040FC0003A882F003A882D2023
S31502008E30150080D81502C0D8150300D91504C0DD67
S31502008E40C012092044074012160B004826E73F4885
S31502008E5044FFBF10162E00103A98A2B03A8821009D
S31502008E60170280D8150440DC150300DC3AC8451207
S31502008E70150280D806DD3F003AC8550204F8BF51F4
S31502008E80161B00303AD8A8B93A882B003A880F0048
S31502008E90440000013A881100162500303A98A621AE
S31502008EA03A882500C4FFBF003A8889903A888B9891
S31502008EB03A808D243A884B313A7004B13A7046B9F9
S31502008EC03AB0C410260200104400C0013A881100CC
S31502008ED0170200D93AB0C4A13AB006AA3AC8492242
S31502008EE01504C0D8150200D9150380D806BF3F0065
S31502008EF03A88C7BDC40780003AC885123A988618D0
S31502008F003AD8A8B23AD8AABA3AB0281D06DF3F0024
S31502008F107AD006B0C40780003AC845123AD88618F5
S31502008F203A9862BA3A9860B23AB0621C06CC3F00EE
S31502008F307AD00620C40780003AC885123AD8A61805
S31502008F403A98A42206D73F002E1B0029161A00289B
S31502008F50440080003A880700C407C00106030000E7
S31502008F602613C0194400C018160400283A884B2953
S31502008F703A88851036FA3F29260D00103A880700EE
S31502008F80360240213AC849213AB086187AD00410EE
S31502008F907AD00A281EFA3F10260200303A880520A7
S31502008FA03A2800F83A8809183A8805203A2800F83B
S31502008FB03A88070006F83F00440080003A88070016
S31502008FC006EF3F0004FEFFDE150000DC1501C0DFE0
S31502008FD03A882100160C00203A880D00160E002849
S31502008FE080F408203A8807103A0005801E01001016
S31502008FF03AC8C7003A8805181701C0DF170000DC17
S315020090000402C0DE3A2800F83AC809014400000406
S315020090103A880D000EF23F283AC84B013A002180E9
S3150200902006EF3F0004FFFFDE1500C0DF44008001AB
S315020090303A88072816040020160C00281700C0DFFD
S315020090400401C0DE81F408203AC80901160B002883
S315020090503A880B184400800180F408203AC885003B
S315020090601700C0DF0401C0DE3A2800F83AC84B01F7
S315020090701700C0DF0401C0DE81F408203AC84701A8
S3150200908006F33F003A880D0081F40820440080016F
S3150200909081F408203A881120CCFF7F423AD4184046
S315020090A0CCFFBF323AD416303A38854A3A389562FE
S315020090B03A38D34ACCFF3F113AD404103A88934A3D
S315020090C03A8807383A8845123A880F283A880B18A0
S315020090D03A94061004FDFFDE150280DC3A88071971
S315020090E0150140DC150000DC3A3865413A38E331B7
S315020090F03AD412103A38D9623A881F182E028012D0
S31502009100740080003A8899603A884D623A8887915D
S315020091103A88C7883A880578170280DC170140DC4E
S31502009120170000DC0403C0DE3A2800F8D4FFBF00B3
S31502009130360E0011C43F8000040240013A8807003F
S31502009140361000113A880B003AD8C6207480800087
S315020091500417A7103A888718030080180408C0006D
S315020091603A8885283AC885183A2800F80404400146
S3150200917034408000C4FFBF103A8807282EF23F1100
S31502009180040640013A8807283AD8C620748080002F
S315020091900417A7103A888718030080180408C0002D
S315020091A03A8885283AC885183A2800F81700C02058
S315020091B004FDFFDE150000DC150280DC150140DC33
S315020091C044008000170300223A881F001704402239
S315020091D0170100242E55C01004018000264F801866
S315020091E084008000260280183AB044421E1A0010FB
S315020091F03A880D003A880F003A881100340480003C
S31502009200C4FFBF103A881D303A7084383A950A4036
S315020092102CFCBF793AB08C303404E000C4FFFF184E
S31502009220FA9704803A70C6303AB0461934006001A3
S31502009230C4FF7F293A704A193AB08A283A88072821
S315020092403A880570170280DC170140DC170000DC43
S315020092500403C0DE3A2800F8170200218400BF008A
S31502009260163F8020C4FF8000162C0011C43F8000E8
S315020092703A708C40042080003A8807003A880F0032
S31502009280C4FF8022261E8030C41F80003A8889408F
S315020092903A800D223A884D323A8811203A881330A4
S315020092A034008800C4FFBF10360D40123A960448B7
S315020092B03AD20C403AD20E48C4FF3F013AB08C1162
S315020092C034044001C4FF7F293A7004313A704639AA
S315020092D0CCFF01523A880D103A880F1806C73F0094
S315020092E0FA9708487AD004407AD006484400805259
S315020092F03AB084203A8811103A88131806EB3F00D8
S315020093001EE13F38044000013A7004413AB0C410ED
S3150200931026E33F103A88053006DC3F003A880D0006
S315020093203A880F00C4FF010206B43F003A880500DE
S315020093303402C0003AB08C403AB0CE48C4FF3F0176
S3150200934034044001C4FF7F293A7004313A70463929
S315020093503A880D103A880F18C4FF010206A73F008B
S315020093603AC80911040E80001643001104F8FF21C1
S31502009370164500383AD8D8493A881B003A8823005D
S31502009380440040013A882500164700383A98D62903
S315020093903A881500C4FFBF003A8889503A888B582C
S315020093A03A808D223A884B313A7004413A704649E6
S315020093B03AB0C41026020010440040043A88250040
S315020093C0C43F80003AB04E643A709238042080005E
S315020093D03AB0906C3A88150026168048C41F0001E0
S315020093E03A8805393A80CD113A880D323A880F10FB
S315020093F034008400C4FFBF103A8811303A8807004F
S31502009400361B80113A9604403AD208383AD20A40BC
S315020094103A8813183AB00811C4FFBF003404C000DA
S31502009420C4FFFF183A708C203A70CE28CCFF014A4E
S3150200943006723F001EE93F50044000013A700439AB
S315020094403A8807003AB0C410260600103A88453A10
S315020094503A80CD113A880D323A880F103A88113087
S315020094603A88070034008400C4FFBF102EE53F127D
S315020094704400C00006E33F003A8809003A88130018
S315020094803A880B0006E43F003A88474AC407800040
S315020094903AC805113A9886183AD818413AD81A495C
S315020094A03AB0181B06B53F007AD00628C4078000DA
S315020094B03AC805113AD896183A98142906B53F00C3
S315020094C01701C0201700402234048000C4FFBF10D9
S315020094D03AD50818FAD70C183A709418CCFF01221C
S315020094E03A881B283A881748150180293A88195064
S315020094F01E1E00403AB0844A261900103AD6044885
S315020095003A920C5084003F013400C400C4FFFF1895
S315020095103AB08C11C40080003A920A48150080685D
S3150200952015020069360B80193A880F203A881118FD
S315020095303A8845293A8049113A8887313A88C920BA
S315020095403A880B103A880D20C4FFFF392EF83F41A6
S315020095501502C06915048069150340693A2800F8A6
S3150200956084008000150080283A2800F8C4FF810094
S31502009570260F80403AD60C483A9206503A92044850
S315020095803A8809003AB0C630340044013AB00C11A8
S3150200959044003F423AB04E19C40080001504C06927
S315020095A01502006A15008068150380693A2800F8DA
S315020095B03AB0844A1E030010040180001500802878
S315020095C03A2800F83A880900340240013A70044900
S315020095D03A7046513AB0C410260500104400800085
S315020095E0150080681504006B1503C06A3A2800F856
S315020095F01500006806FB3F00170080214400C000EA
S315020096002E0A8019170080282E0880180401C0002F
S315020096102626C0302622C0108400C0002605C0308F
S315020096201E07C010170180201E090010440080008A
S315020096303A2800F81E1AC0103A8805003A2800F89F
S3150200964017010022170180282603804026F73F4093
S31502009650C4FFBF003A2800F81702C020170280286C
S3150200966016FAFF10160980181704C0211704C0281D
S31502009670170380211703802836F4FF192605C03800
S315020096803602C0381EECFF192EEBBF301EE73F40F4
S3150200969006EF3F002EFABF1126E43F4006EC3F00DC
S315020096A0170180281EE13F1006E93F001EDDBF11AB
S315020096B01701C028170180203AC885183A2800F8F1
S315020096C0170EA0D0260400103A880711150EE0D016
S315020096D03A8831183A2800F8748080000495A91057
S315020096E0150EA0D03A880711150EE0D03A88311827
S315020096F03A2800F83A2800F83A2800F80416C0007A
S31502009700748080000489A9101500C010C4FFBF0030
S315020097103A2800F83A2800F87480000104832921C7
S31502009720748080010495A93104FFFFDE3AC80D3129
S315020097303A880B001500C0DF007A09204071092023
S315020097403A8809003A880B003A880D00009C0920E5
S315020097503A880910407A09200416C00074808000F5
S315020097600489A9101500C010C4FFBF003A2800F8EA
S315020097700416C000748080000489A9101500C01068
S315020097803A8805003A2800F80416C0007480800062
S315020097900489A9101500C010C4FFBF003A2800F8BA
S315020097A00142052004FEFFDE3A880B00150000DCAC
S315020097B01501C0DF3A882120007E092074808000CE
S315020097C0047EA91017000011170F80202601001031
S315020097D03AE83E103A880980409909203A2800F86A
S315020097E074808000047EA9101700801004F3FFDE47
S315020097F0150B00DF150180D83400800004008010AC
S315020098003A000510150280D8170180D8150840DDE8
S31502009810150700DD04528010150CC0DF150AC0DDE5
S31502009820150980DD1506C0DC150580DC150440DC53
S31502009830150300DC3A882B283A883920150080D88F
S315020098403A002928170180D817524014261000889A
S315020098501700C0DD170180880422808CC4FF3F14E4
S3150200986016090080C4FFBF051E1500A03A880984A8
S315020098703A8805213A8885141720C0102611C0A8F7
S31502009880C4FF3F841EF8BF85170280D82631001018
S31502009890170CC0DF170B00DF170AC0DD170980DDC2
S315020098A0170840DD170700DD1706C0DC170580DC48
S315020098B0170440DC170300DC040DC0DE3A2800F86A
S315020098C03A8809841701C0883A8805213A884514DE
S315020098D0C4FFFF18170280112615001C150200107E
S315020098E026E73F304400C0003A98061C1740809095
S315020098F01701C08C3A708418261400101741809004
S315020099003A7084181E0C00103A8805213A8885148C
S31502009910170040113A8809E03AE83E30170180887C
S315020099201EC8BF98170080B826D57F1406C53F000B
S315020099301501008C06EA3F003A8805213A8885140B
S31502009940170000113AE83E3006F43F003AE83E308E
S3150200995006F23F00170180881E08001017000089D2
S3150200996026070020150000B93A8809880000000081
S31502009970170040BC1EB73F8806C53F001700008986
S315020099803A882F883A8823201EB23F8806C03F00B5
S315020099903A2800F804FEFFDE150040DC1501C0DFA0
S315020099A03A882320009909203A88058806FF3F0055
S315020099B01701C0DF170040DC0402C0DE3A2800F8B7
S315020099C004FAFFDE1505C0DF1504C0DC150380DCD2
S315020099D0150240DC150100DC84BB00040404C0044B
S315020099E03A882500C418400404190081CCFF0321DB
S315020099F03A88212014000C210D0000990D000091D7
S31502009A0000030020150000D8170080D816F6BF887C
S31502009A1044000001C418C000170080D83A88051116
S31502009A20150080D8170080D80EFBBF1806EE3F003F
S31502009A303400010104080C211400E0003700C021A3
S31502009A403A70C43826FD3F103AD405384400001156
S31502009A502E0100313A8809300E0900013A880700C2
S31502009A603400010204080C42440080013A88451978
S31502009A700500C0113700C0413A8887191EFBFF2036
S31502009A803A8805203A2800F8260F00303A880F0057
S31502009A903400010104090C21F4FFFF0034004102E5
S31502009AA004084C4A44000002370080203A70C41071
S31502009AB026FD3F103A884539070080103500804858
S31502009AC03A880F3A1EF8BF393A8805303A2800F824
S30902009AD0DC97000215
S31502009AD4303030303030303030303030303030307A
S31502009AE4202020202020202020202020202020206A
S31502009AF4D09D0002989D0002989D0002989D000246
S31502009B04989D0002989D0002989D0002989D00026D
S31502009B14989D0002989D00027F7F7F7F7F7F7F7FD3
S31502009B24000000000000F03F000000000000244096
S31502009B3400000000000059400000000000408F4071
S31502009B44000000000088C34000000000006AF840DC
S31502009B540000000080842E4100000000D012634100
S31502009B640000000084D797410000000065CDCD4176
S31502009B74000000205FA00242000000E87648374257
S31502009B84000000A2941A6D42000040E59C30A242F5
S31502009B940000901EC4BCD64200003426F56B0C436A
S31502009BA40080E03779C3414300A0D8855734764311
S31502009BB400C84E676DC1AB43003D9160E458E14372
S31502009BC4408CB5781DAF154450EFE2D6E41A4B44E7
S31502009BD492D54D06CFF08044F64AE1C7022DB5442C
S31502009BE4B49DD9794378EA440080E03779C3414386
S31502009BF4176E05B5B5B89346F5F93FE9034F384DE7
S31502009C04321D30F94877825A3CBF737FDD4F157592
S31502009C14BC89D897B2D29C3C33A7A8D523F6493936
S31502009C243DA7F444FD0FA5329D978CCF08BA5B2558
S31502009C34436FAC642806C80A050000001900000038
S31502009C447D0000000000000000000000000000008B
S31502009C5400000000000000000001020203030303E7
S31502009C6404040404040404040505050505050505A0
S31502009C740505050505050505060606060606060680
S31502009C840606060606060606060606060606060668
S31502009C940606060606060606070707070707070750
S31502009CA40707070707070707070707070707070738
S31502009CB40707070707070707070707070707070728
S31502009CC40707070707070707070707070707070718
S31502009CD40707070707070707080808080808080800
S31502009CE408080808080808080808080808080808E8
S31502009CF408080808080808080808080808080808D8
S31502009D0408080808080808080808080808080808C7
S31502009D1408080808080808080808080808080808B7
S31502009D2408080808080808080808080808080808A7
S31502009D340808080808080808080808080808080897
S31502009D440808080808080808080808080808080887
S31502009D54080808080808080830313233343536371B
S31502009D64383961626364656600000000494E460044
S31502009D74696E66004E414E006E616E00286E756C09
S31502009D846C290000303132333435363738394142A2
S31502009D94434445460000000062756720696E2076DA
S31502009DA4667072696E74663A2062616420626173D7
S31502009DB46500000030000000496E66696E697479B8
S31502009DC4000000004E614E00430000002E00000019
S31102009DD449534F2D383835392D31000027
S31502009DE000000000CCA0000228A1000284A100020B
S31502009DF0000000000000000000000000000000005B
S31502009E00000000000000000000000000000000004A
S31502009E1000000000CC9D00020000000000000000CF
S31502009E20000000000000000000000000000000002A
S31502009E30000000000000000000000000000000001A
S31502009E40000000000000000000000000000000000A
S31502009E5000000000000000000000000000000000FA
S31502009E6000000000000000000000000000000000EA
S31502009E7000000000000000000000000000000000DA
S31502009E800000000001000000000000000E33CDAB10
S31502009E9034126DE6ECDE05000B0000000000000047
S31502009EA000000000000000000000000000000000AA
S31502009EB0000000000000000000000000000000009A
S31502009EC0000000000000000000000000000000008A
S31502009ED0000000000000000000000000000000007A
S31502009EE0000000000000000000000000000000006A
S31502009EF0000000000000000000000000000000005A
S31502009F000000000000000000000000000000000049
S31502009F100000000000000000000000000000000039
S31502009F200000000000000000000000000000000029
S31502009F300000000000000000000000000000000019
S31502009F400000000000000000000000000000000009
S31502009F5000000000000000000000000000000000F9
S31502009F6000000000000000000000000000000000E9
S31502009F7000000000000000000000000000000000D9
S31502009F8000000000000000000000000000000000C9
S31502009F9000000000000000000000000000000000B9
S31502009FA000000000000000000000000000000000A9
S31502009FB00000000000000000000000000000000099
S31502009FC00000000000000000000000000000000089
S31502009FD00000000000000000000000000000000079
S31502009FE00000000000000000000000000000000069
S31502009FF00000000000000000000000000000000059
S3150200A0000000000000000000000000000000000048
S3150200A0100000000000000000000000000000000038
S3150200A0200000000000000000000000000000000028
S3150200A0300000000000000000000000000000000018
S3150200A0400000000000000000000000000000000008
S3150200A05000000000000000000000000000000000F8
S3150200A06000000000000000000000000000000000E8
S3150200A07000000000000000000000000000000000D8
S3150200A08000000000000000000000000000000000C8
S3150200A09000000000000000000000000000000000B8
S3150200A0A000000000000000000000000000000000A8
S3150200A0B00000000000000000000000000000000098
S3150200A0C00000000000000000000000000000000088
S3150200A0D00000000000000000000000000000000078
S3150200A0E00000000000000000000000000000000068
S3150200A0F00000000000000000000000000000000058
S3150200A1000000000000000000000000000000000047
S3150200A1100000000000000000000000000000000037
S3150200A1200000000000000000000000000000000027
S3150200A1300000000000000000000000000000000017
S3150200A1400000000000000000000000000000000007
S3150200A15000000000000000000000000000000000F7
S3150200A16000000000000000000000000000000000E7
S3150200A17000000000000000000000000000000000D7
S3150200A18000000000000000000000000000000000C7
S3150200A19000000000000000000000000000000000B7
S3150200A1A000000000000000000000000000000000A7
S3150200A1B00000000000000000000000000000000097
S3150200A1C00000000000000000000000000000000087
S3150200A1D00000000000000000000000000000000077
S3150200A1E04300000000000000000000000000000024
S3150200A1F000000000ECA10002ECA10002F4A10002A2
S3150200A200F4A10002FCA10002FCA1000204A20002C9
S3150200A21004A200020CA200020CA2000214A2000276
S3150200A22014A200021CA200021CA2000224A2000226
S3150200A23024A200022CA200022CA2000234A20002D6
S3150200A24034A200023CA200023CA2000244A2000286
S3150200A25044A200024CA200024CA2000254A2000236
S3150200A26054A200025CA200025CA2000264A20002E6
S3150200A27064A200026CA200026CA2000274A2000296
S3150200A28074A200027CA200027CA2000284A2000246
S3150200A29084A200028CA200028CA2000294A20002F6
S3150200A2A094A200029CA200029CA20002A4A20002A6
S3150200A2B0A4A20002ACA20002ACA20002B4A2000256
S3150200A2C0B4A20002BCA20002BCA20002C4A2000206
S3150200A2D0C4A20002CCA20002CCA20002D4A20002B6
S3150200A2E0D4A20002DCA20002DCA20002E4A2000266
S3150200A2F0E4A20002ECA20002ECA20002F4A2000216
S3150200A300F4A20002FCA20002FCA2000204A30002C4
S3150200A31004A300020CA300020CA3000214A3000271
S3150200A32014A300021CA300021CA3000224A3000221
S3150200A33024A300022CA300022CA3000234A30002D1
S3150200A34034A300023CA300023CA3000244A3000281
S3150200A35044A300024CA300024CA3000254A3000231
S3150200A36054A300025CA300025CA3000264A30002E1
S3150200A37064A300026CA300026CA3000274A3000291
S3150200A38074A300027CA300027CA3000284A3000241
S3150200A39084A300028CA300028CA3000294A30002F1
S3150200A3A094A300029CA300029CA30002A4A30002A1
S3150200A3B0A4A30002ACA30002ACA30002B4A3000251
S3150200A3C0B4A30002BCA30002BCA30002C4A3000201
S3150200A3D0C4A30002CCA30002CCA30002D4A30002B1
S3150200A3E0D4A30002DCA30002DCA30002E4A3000261
S3150200A3F0E4A30002ECA30002ECA30002F4A3000211
S3150200A400F4A30002FCA30002FCA3000204A40002BF
S3150200A41004A400020CA400020CA4000214A400026C
S3150200A42014A400021CA400021CA4000224A400021C
S3150200A43024A400022CA400022CA4000234A40002CC
S3150200A44034A400023CA400023CA4000244A400027C
S3150200A45044A400024CA400024CA4000254A400022C
S3150200A46054A400025CA400025CA4000264A40002DC
S3150200A47064A400026CA400026CA4000274A400028C
S3150200A48074A400027CA400027CA4000284A400023C
S3150200A49084A400028CA400028CA4000294A40002EC
S3150200A4A094A400029CA400029CA40002A4A400029C
S3150200A4B0A4A40002ACA40002ACA40002B4A400024C
S3150200A4C0B4A40002BCA40002BCA40002C4A40002FC
S3150200A4D0C4A40002CCA40002CCA40002D4A40002AC
S3150200A4E0D4A40002DCA40002DCA40002E4A400025C
S3150200A4F0E4A40002ECA40002ECA40002F4A400020C
S3150200A500F4A40002FCA40002FCA4000204A50002BA
S3150200A51004A500020CA500020CA5000214A5000267
S3150200A52014A500021CA500021CA5000224A5000217
S3150200A53024A500022CA500022CA5000234A50002C7
S3150200A54034A500023CA500023CA5000244A5000277
S3150200A55044A500024CA500024CA5000254A5000227
S3150200A56054A500025CA500025CA5000264A50002D7
S3150200A57064A500026CA500026CA5000274A5000287
S3150200A58074A500027CA500027CA5000284A5000237
S3150200A59084A500028CA500028CA5000294A50002E7
S3150200A5A094A500029CA500029CA50002A4A5000297
S3150200A5B0A4A50002ACA50002ACA50002B4A5000247
S3150200A5C0B4A50002BCA50002BCA50002C4A50002F7
S3150200A5D0C4A50002CCA50002CCA50002D4A50002A7
S3150200A5E0D4A50002DCA50002DCA50002E4A5000257
S3090200A5F0E4A50002D4
S3150200A5F4E09D0002E09D000201000000D49D0002DD
S30D0200A60400000200FFFFFFFF48
S70502000000F8
